fault_id,device_id,timestamp,error_code,severity,fault_status,detected_by,component_id,technician_id,job_id,cleared_at,resolution,notes
FLT-0001,DEV-001,2026-09-26T11:00:00-05:00,THERM-110,Warning,Cleared,BMS,CMP-0004,ENG-104,JOB-6101,2026-09-26T14:20:00-05:00,Superseded by THERM-201 protective shutdown,Warning during the temperature rise. The rise continued.
FLT-0002,DEV-001,2026-09-26T14:20:00-05:00,THERM-201,Critical,Escalated,BMS,CMP-0003,ENG-104,JOB-6102,,,Cooling fan tach was zero while pack temperature was still rising. Pack went offline at 14:40.
FLT-0003,DEV-001,2026-09-15T04:20:00-05:00,BAT-217,Warning,Cleared,BMS,CMP-0006,ENG-118,,2026-09-15T04:40:00-05:00,Transient false alarm,Single-sample charge current spike on 15 Sep. Unrelated to the 26 Sep thermal shutdown.
FLT-0004,DEV-008,2026-09-15T06:20:00-05:00,COM-214,Error,Cleared,Firmware Monitor,CMP-0041,ENG-110,JOB-6201,2026-09-18T11:00:00-05:00,Rolled back to 4.2.1,COM-214 started after the 4.3.0 install on this rollback gateway. Signal strength stayed nominal.
FLT-0005,DEV-011,2026-09-15T06:20:00-05:00,COM-214,Error,Cleared,Firmware Monitor,CMP-0061,ENG-110,JOB-6201,2026-09-20T06:00:00-05:00,Upgraded to 4.3.1,COM-214 started after the 4.3.0 install on this patched gateway. Signal strength stayed nominal.
FLT-0006,DEV-012,2026-09-15T06:20:00-05:00,COM-214,Error,Recurring,Firmware Monitor,CMP-0069,ENG-110,JOB-6201,,,COM-214 started after the 4.3.0 install on this battery still on 4.3.0. Signal strength stayed nominal.
FLT-0007,DEV-012,2026-09-15T08:00:00-05:00,FW-210,Error,Active,Firmware Monitor,CMP-0069,,,,,FW-210 signature confirms the 4.3.0 heartbeat regression. Not a radio fault.
FLT-0008,DEV-098,2026-09-15T06:20:00-05:00,COM-214,Error,Recurring,Firmware Monitor,CMP-0580,ENG-110,JOB-6201,,,COM-214 started after the 4.3.0 install on this gateway still on 4.3.0. Signal strength stayed nominal.
FLT-0009,DEV-016,2026-09-15T06:20:00-05:00,COM-214,Error,Cleared,Firmware Monitor,CMP-0098,ENG-110,JOB-6201,2026-09-18T11:00:00-05:00,Rolled back to 4.2.1,COM-214 started after the 4.3.0 install on this rolled-back inverter. Signal strength stayed nominal.
FLT-0010,DEV-019,2026-09-14T18:00:00-05:00,INV-360,Error,Cleared,Inverter Controller,CMP-0112,ENG-125,JOB-6301,2026-09-18T10:00:00-05:00,Inverter Power Limit restored from 75 kW to 90 kW,Afternoon discharge flatlined at 75 kW while the engineered limit was 90 kW.
FLT-0011,DEV-019,2026-09-15T18:20:00-05:00,INV-360,Error,Cleared,Inverter Controller,CMP-0112,ENG-125,JOB-6301,2026-09-18T10:00:00-05:00,Inverter Power Limit restored from 75 kW to 90 kW,Afternoon discharge flatlined at 75 kW while the engineered limit was 90 kW.
FLT-0012,DEV-019,2026-09-16T17:40:00-05:00,INV-360,Error,Cleared,Inverter Controller,CMP-0112,ENG-125,JOB-6301,2026-09-18T10:00:00-05:00,Inverter Power Limit restored from 75 kW to 90 kW,Afternoon discharge flatlined at 75 kW while the engineered limit was 90 kW.
FLT-0013,DEV-019,2026-09-17T18:40:00-05:00,INV-360,Error,Cleared,Inverter Controller,CMP-0112,ENG-125,JOB-6301,2026-09-18T10:00:00-05:00,Inverter Power Limit restored from 75 kW to 90 kW,Afternoon discharge flatlined at 75 kW while the engineered limit was 90 kW.
FLT-0014,DEV-019,2026-09-17T18:00:00-05:00,CFG-101,Error,Cleared,NOC,CMP-0112,ENG-110,JOB-6302,2026-09-18T10:00:00-05:00,Configuration restored to the expected 90 kW limit,parameter_value 75 kW did not match expected_value 90 kW.
FLT-0015,DEV-025,2026-09-24T23:00:00-05:00,COM-118,Warning,Cleared,Gateway,CMP-0142,,,2026-09-25T01:40:00-05:00,Progressed to link loss,Telemetry gaps while latency was rising and signal strength was falling.
FLT-0016,DEV-025,2026-09-25T01:40:00-05:00,COM-101,Error,Escalated,Gateway,CMP-0142,ENG-104,JOB-6401,,,Latency and signal strength both degraded before the gateway stopped reporting. Firmware stayed 4.2.1.
FLT-0017,DEV-025,2026-09-24T20:00:00-05:00,GW-090,Warning,Acknowledged,Gateway,CMP-0142,TECH-210,,,,RSSI decline preceded the link loss.
FLT-0018,DEV-026,2026-09-16T13:40:00-05:00,BAT-204,Error,Recurring,BMS,CMP-0146,ENG-125,JOB-6501,,,"HW-C pack, cell-group imbalance during discharge above 70 kW. Same signature as the other HW-C sites."
FLT-0019,DEV-026,2026-09-19T13:40:00-05:00,BAT-204,Error,Recurring,BMS,CMP-0146,ENG-125,JOB-6501,,,"HW-C pack, cell-group imbalance during discharge above 70 kW. Same signature as the other HW-C sites."
FLT-0020,DEV-026,2026-09-22T13:00:00-05:00,BAT-204,Error,Escalated,BMS,CMP-0146,ENG-125,JOB-6501,,,"HW-C pack, cell-group imbalance during discharge above 70 kW. Same signature as the other HW-C sites."
FLT-0021,DEV-031,2026-09-19T13:40:00-05:00,BAT-204,Error,Recurring,BMS,CMP-0168,ENG-125,JOB-6501,,,"HW-C pack, cell-group imbalance during discharge above 70 kW. Same signature as the other HW-C sites."
FLT-0022,DEV-031,2026-09-22T13:00:00-05:00,BAT-204,Error,Recurring,BMS,CMP-0168,ENG-125,JOB-6501,,,"HW-C pack, cell-group imbalance during discharge above 70 kW. Same signature as the other HW-C sites."
FLT-0023,DEV-034,2026-09-18T17:20:00-05:00,BAT-204,Error,Recurring,BMS,CMP-0188,ENG-125,JOB-6501,,,"HW-C pack, cell-group imbalance during discharge above 70 kW. Same signature as the other HW-C sites."
FLT-0024,DEV-034,2026-09-21T17:00:00-05:00,BAT-204,Error,Recurring,BMS,CMP-0188,ENG-125,JOB-6501,,,"HW-C pack, cell-group imbalance during discharge above 70 kW. Same signature as the other HW-C sites."
FLT-0025,DEV-034,2026-09-24T16:40:00-05:00,BAT-204,Error,Recurring,BMS,CMP-0188,ENG-125,JOB-6501,,,"HW-C pack, cell-group imbalance during discharge above 70 kW. Same signature as the other HW-C sites."
FLT-0026,DEV-037,2026-09-23T18:40:00-05:00,THERM-155,Warning,Cleared,BMS,CMP-0210,ENG-118,JOB-6601,2026-09-24T09:00:00-05:00,Replaced drifting temperature sensor,Temperature rose for days at low current and snapped back when the sensor was replaced. Not a cooling failure.
FLT-0027,DEV-037,2026-09-21T16:00:00-05:00,THERM-110,Warning,Cleared,BMS,CMP-0210,ENG-118,JOB-6602,2026-09-24T09:00:00-05:00,False thermal warning from a drifting sensor,Pack current and voltage stayed normal. Warning cleared after the sensor swap.
FLT-0028,DEV-037,2026-09-22T11:20:00-05:00,THERM-110,Warning,Cleared,BMS,CMP-0210,ENG-118,JOB-6602,2026-09-24T09:00:00-05:00,False thermal warning from a drifting sensor,Pack current and voltage stayed normal. Warning cleared after the sensor swap.
FLT-0029,DEV-043,2026-09-23T17:40:00-05:00,INV-402,Error,Active,Inverter Controller,CMP-0240,ENG-125,JOB-6701,,,AC power fell from about 78 kW to 6.5 kW in one sample. Grid frequency and voltage stayed nominal. DC bus sagged.
FLT-0030,DEV-045,2026-09-21T03:20:00-05:00,BAT-330,Error,Active,BMS,CMP-0250,ENG-101,JOB-6801,,,SOC stepped without a matching current. Cause is not confirmed.
FLT-0031,DEV-048,2026-09-08T19:10:00-05:00,REL-204,Error,Cleared,BMS,CMP-0278,ENG-104,JOB-6901,2026-09-10T11:00:00-05:00,Replaced contactor coil driver,Contactor opened under load. Coil current was zero while the close command was present.
FLT-0032,DEV-051,2026-09-11T18:30:00-05:00,REL-210,Error,Cleared,BMS,CMP-0297,ENG-104,JOB-6902,2026-09-14T09:20:00-05:00,Replaced open precharge resistor,Contactor stayed open because DC bus voltage did not rise. Coil current was present. Different cause from the coil-driver case.
FLT-0033,DEV-066,2026-09-25T13:40:00-05:00,GRID-302,Error,Acknowledged,Inverter Controller,CMP-0381,ENG-110,JOB-7001,,,Grid frequency reached 61.28 Hz. The inverter latched at zero power after frequency returned.
FLT-0034,DEV-066,2026-09-25T14:00:00-05:00,INV-201,Error,Acknowledged,Inverter Controller,CMP-0381,ENG-110,JOB-7001,,,Protection latch after the frequency excursion. Grid was back inside band and the latch stayed set.
FLT-0035,DEV-054,2026-09-25T15:00:00-05:00,BAT-141,Warning,Acknowledged,BMS,CMP-0312,,,,,"Early warning only. Temperature is elevated and flat, below the THERM-201 threshold. Pack is still online."
FLT-0036,DEV-062,2026-09-18T02:20:00-05:00,BMS-218,Warning,Recurring,BMS,CMP-0352,,,,,"Short watchdog restart. The pack returned and stayed online. Early warning, not a failed system."
FLT-0037,DEV-062,2026-09-20T07:40:00-05:00,BMS-218,Warning,Recurring,BMS,CMP-0352,,,,,"Short watchdog restart. The pack returned and stayed online. Early warning, not a failed system."
FLT-0038,DEV-062,2026-09-23T01:00:00-05:00,BMS-218,Warning,Recurring,BMS,CMP-0352,,,,,"Short watchdog restart. The pack returned and stayed online. Early warning, not a failed system."
FLT-0039,DEV-062,2026-09-26T04:40:00-05:00,BMS-218,Warning,Recurring,BMS,CMP-0352,,,,,"Short watchdog restart. The pack returned and stayed online. Early warning, not a failed system."
FLT-0040,DEV-009,2026-09-17T09:20:00-05:00,BAT-101,Warning,Cleared,NOC,,TECH-221,,2026-09-17T09:40:00-05:00,Transient false alarm,Single poll outside the threshold. Following samples stayed inside normal limits.
FLT-0041,DEV-002,2026-09-17T09:20:00-05:00,INV-318,Warning,Cleared,NOC,,TECH-221,,2026-09-17T09:40:00-05:00,Transient false alarm,Single poll outside the threshold. Following samples stayed inside normal limits.
FLT-0042,DEV-003,2026-09-17T09:20:00-05:00,COM-118,Warning,Cleared,NOC,,TECH-221,,2026-09-17T09:40:00-05:00,Transient false alarm,Single poll outside the threshold. Following samples stayed inside normal limits.
FLT-0043,DEV-048,2026-09-05T08:00:00-05:00,BMS-104,Info,Cleared,BMS,,,,2026-09-05T08:40:00-05:00,"Informational, no fault found","Expected operating message, closed by the NOC."
FLT-0044,DEV-051,2026-09-06T05:40:00-05:00,BAT-102,Info,Cleared,BMS,,,,2026-09-06T06:20:00-05:00,"Informational, no fault found","Expected operating message, closed by the NOC."
FLT-0045,DEV-054,2026-09-14T06:20:00-05:00,BMS-104,Info,Cleared,BMS,,,,2026-09-14T07:00:00-05:00,"Informational, no fault found","Expected operating message, closed by the NOC."
FLT-0046,DEV-024,2026-09-15T09:15:00-05:00,INV-305,Error,Cleared,NOC,CMP-0135,ENG-118,,2026-09-17T09:15:00-05:00,DC bus capacitor ESR rise on the inverter power module,DC bus ripple on the first sister inverter
FLT-0047,DEV-027,2026-09-16T09:15:00-05:00,INV-305,Error,Cleared,NOC,CMP-0155,ENG-118,,2026-09-18T09:15:00-05:00,DC bus capacitor ESR rise on the inverter power module,DC bus ripple on the second sister inverter
FLT-0048,DEV-018,2026-09-17T09:15:00-05:00,BMS-301,Error,Cleared,NOC,CMP-0107,ENG-118,,2026-09-19T09:15:00-05:00,Connector fretting on the voltage sense harness,Sense channel stale after a harness reseat
FLT-0049,DEV-032,2026-09-18T09:15:00-05:00,INV-318,Warning,Cleared,NOC,CMP-0176,ENG-118,,2026-09-20T09:15:00-05:00,"Utility tap change, inverter stayed online",Ride-through recorded during a tap change
FLT-0050,DEV-023,2026-09-19T09:15:00-05:00,BMS-104,Info,Cleared,NOC,CMP-0125,ENG-118,,2026-09-21T09:15:00-05:00,"Normal balancing, no fault",Balancing left running after charge
FLT-0051,DEV-042,2026-09-20T09:15:00-05:00,BMS-218,Warning,Cleared,NOC,CMP-0230,ENG-118,,2026-09-22T09:15:00-05:00,"12 V supply dip during a storm, single restart",Watchdog during a storm night
FLT-0052,DEV-035,2026-09-21T09:15:00-05:00,GRID-118,Warning,Cleared,NOC,CMP-0200,ENG-118,,2026-09-23T09:15:00-05:00,"Shared feeder voltage dip, no inverter damage",Preferred-band voltage dip shared by two feeders
FLT-0053,DEV-038,2026-09-22T09:15:00-05:00,INV-250,Warning,Cleared,NOC,CMP-0217,ENG-118,,2026-09-24T09:15:00-05:00,Restart delay matched the approved 60 s setting,Restart delay held an inverter offline for one cycle
FLT-0054,DEV-017,2026-09-03T09:15:00-05:00,GW-101,Warning,Cleared,NOC,CMP-0100,ENG-118,,2026-09-05T09:15:00-05:00,"Operator log harvest, CPU returned to normal",Gateway CPU blip during log harvest
FLT-0055,DEV-020,2026-09-04T09:15:00-05:00,COM-240,Info,Cleared,NOC,CMP-0121,ENG-118,,2026-09-06T09:15:00-05:00,Expected behavior of 4.3.1 compressed frames,Compressed frames enabled on a current image
FLT-0056,DEV-059,2026-09-05T09:15:00-05:00,BMS-210,Warning,Active,NOC,CMP-0335,ENG-118,,,,Nuisance BMS channel disagreement
FLT-0057,DEV-046,2026-09-06T09:15:00-05:00,GRID-310,Critical,Active,NOC,CMP-0266,ENG-118,,,,Grid relay inspection after a disconnect drill
FLT-0058,DEV-065,2026-09-07T09:15:00-05:00,BAT-101,Warning,Cleared,NOC,CMP-0376,ENG-118,,2026-09-09T09:15:00-05:00,Balancer duty cycle too low on one cell group,Cell delta during an overnight charge
FLT-0059,DEV-070,2026-09-08T09:15:00-05:00,BAT-217,Warning,Cleared,NOC,CMP-0399,ENG-118,,2026-09-10T09:15:00-05:00,"Single-sample charge current overshoot, did not repeat",Charge current overshoot for one sample
FLT-0060,DEV-071,2026-09-09T09:15:00-05:00,BAT-118,Warning,Cleared,NOC,CMP-0408,ENG-118,,2026-09-11T09:15:00-05:00,Open-circuit voltage agreed with SOC after a 20 minute rest,SOC residual reviewed and left alone
FLT-0061,DEV-075,2026-09-10T09:15:00-05:00,BAT-102,Info,Cleared,NOC,CMP-0424,ENG-118,,2026-09-12T09:15:00-05:00,"Normal end of charge, no field action",Charge complete at the configured SOC
FLT-0062,DEV-049,2026-09-11T09:15:00-05:00,INV-214,Warning,Cleared,NOC,CMP-0281,ENG-118,,2026-09-13T09:15:00-05:00,"Blocked inverter fan inlet, derate cleared after cleaning",Inverter heat-sink derate on a hot afternoon
FLT-0063,DEV-052,2026-09-12T09:15:00-05:00,INV-109,Info,Cleared,NOC,CMP-0299,ENG-118,,2026-09-14T09:15:00-05:00,"Normal start, grid inside limits",Inverter came online after a planned stop
FLT-0064,DEV-055,2026-09-13T09:15:00-05:00,INV-415,Critical,Cleared,NOC,CMP-0320,ENG-118,,2026-09-15T09:15:00-05:00,"Single hardware trip, no repeat, power module left in service",Hardware trip cleared after one restart
FLT-0065,DEV-060,2026-09-14T09:15:00-05:00,GRID-201,Info,Cleared,NOC,CMP-0341,ENG-118,,2026-09-16T09:15:00-05:00,Grid voltage and frequency returned to nominal,Grid returned to the nominal band
FLT-0066,DEV-028,2026-09-15T09:15:00-05:00,GW-090,Warning,Active,NOC,CMP-0162,ENG-118,,,,Gateway RSSI dip during foliage growth
FLT-0067,DEV-033,2026-09-16T09:15:00-05:00,GW-140,Error,Cleared,NOC,CMP-0184,ENG-118,,2026-09-18T09:15:00-05:00,"Supply dip, reboots stopped after the storm",Gateway reboot burst recovered
FLT-0068,DEV-036,2026-09-17T09:15:00-05:00,COM-118,Warning,Cleared,NOC,CMP-0205,ENG-118,,2026-09-19T09:15:00-05:00,"Collector pause, radio path was healthy",Short telemetry gaps on a healthy radio
FLT-0069,DEV-039,2026-09-18T09:15:00-05:00,FW-104,Info,Cleared,NOC,CMP-0226,ENG-118,,2026-09-20T09:15:00-05:00,Inactive bank matched the release manifest,Firmware bank signature matched the manifest
