deployment_id,device_id,firmware_version,installed_at,installed_by,deployment_status,previous_version,rollback_reason
DEP-0001,DEV-001,4.2.1,2025-06-14T15:00:00-05:00,ENG-110,Successful,,
DEP-0002,DEV-002,4.2.1,2025-06-14T15:00:00-05:00,ENG-110,Successful,,
DEP-0003,DEV-003,4.2.1,2025-06-14T15:00:00-05:00,ENG-110,Successful,,
DEP-0004,DEV-004,4.2.1,2025-06-14T15:00:00-05:00,ENG-110,Successful,,
DEP-0005,DEV-005,4.2.1,2025-06-14T15:00:00-05:00,ENG-110,Successful,,
DEP-0006,DEV-006,4.2.1,2025-06-25T15:00:00-05:00,ENG-110,Successful,,
DEP-0007,DEV-006,4.3.1,2026-09-21T09:00:00-05:00,ENG-110,Successful,4.2.1,
DEP-0008,DEV-007,4.2.1,2025-06-25T15:00:00-05:00,ENG-110,Successful,,
DEP-0009,DEV-007,4.3.1,2026-09-21T02:00:00-05:00,ENG-118,Failed,4.2.1,
DEP-0010,DEV-008,4.2.1,2025-06-25T15:00:00-05:00,ENG-110,Successful,,
DEP-0011,DEV-008,4.3.0,2026-09-15T02:00:00-05:00,ENG-110,Successful,4.2.1,
DEP-0012,DEV-008,4.2.1,2026-09-18T11:00:00-05:00,ENG-110,Rolled Back,4.3.0,COM-214 heartbeat regression on 4.3.0
DEP-0013,DEV-009,4.2.1,2025-07-06T15:00:00-05:00,ENG-110,Successful,,
DEP-0014,DEV-010,4.2.1,2025-07-06T15:00:00-05:00,ENG-110,Successful,,
DEP-0015,DEV-010,4.3.1,2026-09-26T22:00:00-05:00,ENG-110,Pending,4.2.1,
DEP-0016,DEV-011,4.2.1,2025-07-06T15:00:00-05:00,ENG-110,Successful,,
DEP-0017,DEV-011,4.3.0,2026-09-15T02:00:00-05:00,ENG-110,Successful,4.2.1,
DEP-0018,DEV-011,4.3.1,2026-09-20T06:00:00-05:00,ENG-110,Successful,4.3.0,
DEP-0019,DEV-012,4.2.1,2025-07-17T15:00:00-05:00,ENG-110,Successful,,
DEP-0020,DEV-012,4.3.0,2026-09-15T02:00:00-05:00,ENG-110,Successful,4.2.1,
DEP-0021,DEV-013,4.2.1,2025-07-17T15:00:00-05:00,ENG-110,Successful,,
DEP-0022,DEV-013,4.3.1,2026-09-21T09:00:00-05:00,ENG-110,Successful,4.2.1,
DEP-0023,DEV-014,4.2.1,2025-07-17T15:00:00-05:00,ENG-110,Successful,,
DEP-0024,DEV-015,4.2.1,2025-07-28T15:00:00-05:00,ENG-110,Successful,,
DEP-0025,DEV-016,4.2.1,2025-07-28T15:00:00-05:00,ENG-110,Successful,,
DEP-0026,DEV-016,4.3.0,2026-09-15T02:00:00-05:00,ENG-110,Successful,4.2.1,
DEP-0027,DEV-016,4.2.1,2026-09-18T11:00:00-05:00,ENG-110,Rolled Back,4.3.0,COM-214 heartbeat regression on 4.3.0
DEP-0028,DEV-017,4.2.1,2025-07-28T15:00:00-05:00,ENG-110,Successful,,
DEP-0029,DEV-018,4.2.1,2025-08-08T15:00:00-05:00,ENG-110,Successful,,
DEP-0030,DEV-019,4.2.1,2025-08-08T15:00:00-05:00,ENG-110,Successful,,
DEP-0031,DEV-020,4.2.1,2025-08-08T15:00:00-05:00,ENG-110,Successful,,
DEP-0032,DEV-020,4.3.1,2026-09-21T09:00:00-05:00,ENG-110,Successful,4.2.1,
DEP-0033,DEV-021,4.2.1,2025-08-08T15:00:00-05:00,ENG-110,Successful,,
DEP-0034,DEV-022,4.2.1,2025-08-08T15:00:00-05:00,ENG-110,Successful,,
DEP-0035,DEV-023,4.2.1,2025-08-19T15:00:00-05:00,ENG-110,Successful,,
DEP-0036,DEV-024,4.2.1,2025-08-19T15:00:00-05:00,ENG-110,Successful,,
DEP-0037,DEV-025,4.2.1,2025-08-19T15:00:00-05:00,ENG-110,Successful,,
DEP-0038,DEV-026,4.2.1,2025-08-30T15:00:00-05:00,ENG-110,Successful,,
DEP-0039,DEV-027,4.2.1,2025-08-30T15:00:00-05:00,ENG-110,Successful,,
DEP-0040,DEV-027,4.3.1,2026-09-21T09:00:00-05:00,ENG-110,Successful,4.2.1,
DEP-0041,DEV-028,4.2.1,2025-08-30T15:00:00-05:00,ENG-110,Successful,,
DEP-0042,DEV-029,4.2.1,2025-08-30T15:00:00-05:00,ENG-110,Successful,,
DEP-0043,DEV-030,4.2.1,2025-08-30T15:00:00-05:00,ENG-110,Successful,,
DEP-0044,DEV-031,4.2.1,2025-09-10T15:00:00-05:00,ENG-110,Successful,,
DEP-0045,DEV-032,4.2.1,2025-09-10T15:00:00-05:00,ENG-110,Successful,,
DEP-0046,DEV-033,4.2.1,2025-09-10T15:00:00-05:00,ENG-110,Successful,,
DEP-0047,DEV-034,4.2.1,2025-09-21T15:00:00-05:00,ENG-110,Successful,,
DEP-0048,DEV-034,4.3.1,2026-09-21T09:00:00-05:00,ENG-110,Successful,4.2.1,
DEP-0049,DEV-035,4.2.1,2025-09-21T15:00:00-05:00,ENG-110,Successful,,
DEP-0050,DEV-036,4.2.1,2025-09-21T15:00:00-05:00,ENG-110,Successful,,
DEP-0051,DEV-037,4.2.1,2025-10-02T15:00:00-05:00,ENG-110,Successful,,
DEP-0052,DEV-038,4.2.1,2025-10-02T15:00:00-05:00,ENG-110,Successful,,
DEP-0053,DEV-039,4.1.4,2025-10-02T15:00:00-05:00,ENG-110,Successful,,
DEP-0054,DEV-040,4.2.1,2025-10-02T15:00:00-05:00,ENG-110,Successful,,
DEP-0055,DEV-041,4.2.1,2025-10-02T15:00:00-05:00,ENG-110,Successful,,
DEP-0056,DEV-042,4.2.1,2025-10-13T15:00:00-05:00,ENG-110,Successful,,
DEP-0057,DEV-043,4.2.1,2025-10-13T15:00:00-05:00,ENG-110,Successful,,
DEP-0058,DEV-044,4.2.1,2025-10-13T15:00:00-05:00,ENG-110,Successful,,
DEP-0059,DEV-045,4.2.1,2025-10-24T15:00:00-05:00,ENG-110,Successful,,
DEP-0060,DEV-046,4.2.1,2025-10-24T15:00:00-05:00,ENG-110,Successful,,
DEP-0061,DEV-047,4.2.1,2025-10-24T15:00:00-05:00,ENG-110,Successful,,
DEP-0062,DEV-048,4.2.1,2025-11-04T15:00:00-06:00,ENG-110,Successful,,
DEP-0063,DEV-048,4.3.1,2026-09-21T09:00:00-05:00,ENG-110,Successful,4.2.1,
DEP-0064,DEV-049,4.2.1,2025-11-04T15:00:00-06:00,ENG-110,Successful,,
DEP-0065,DEV-050,4.2.1,2025-11-04T15:00:00-06:00,ENG-110,Successful,,
DEP-0066,DEV-051,4.2.1,2025-11-15T15:00:00-06:00,ENG-110,Successful,,
DEP-0067,DEV-052,4.2.1,2025-11-15T15:00:00-06:00,ENG-110,Successful,,
DEP-0068,DEV-053,4.1.4,2025-11-15T15:00:00-06:00,ENG-110,Successful,,
DEP-0069,DEV-054,4.2.1,2025-11-26T15:00:00-06:00,ENG-110,Successful,,
DEP-0070,DEV-055,4.2.1,2025-11-26T15:00:00-06:00,ENG-110,Successful,,
DEP-0071,DEV-055,4.3.1,2026-09-21T09:00:00-05:00,ENG-110,Successful,4.2.1,
DEP-0072,DEV-056,4.2.1,2025-11-26T15:00:00-06:00,ENG-110,Successful,,
DEP-0073,DEV-057,4.2.1,2025-11-26T15:00:00-06:00,ENG-110,Successful,,
DEP-0074,DEV-058,4.2.1,2025-11-26T15:00:00-06:00,ENG-110,Successful,,
DEP-0075,DEV-059,4.2.1,2025-12-07T15:00:00-06:00,ENG-110,Successful,,
DEP-0076,DEV-060,4.2.1,2025-12-07T15:00:00-06:00,ENG-110,Successful,,
DEP-0077,DEV-061,4.2.1,2025-12-07T15:00:00-06:00,ENG-110,Successful,,
DEP-0078,DEV-062,4.2.1,2025-12-18T15:00:00-06:00,ENG-110,Successful,,
DEP-0079,DEV-062,4.3.1,2026-09-21T09:00:00-05:00,ENG-110,Successful,4.2.1,
DEP-0080,DEV-063,4.2.1,2025-12-18T15:00:00-06:00,ENG-110,Successful,,
DEP-0081,DEV-064,4.2.1,2025-12-18T15:00:00-06:00,ENG-110,Successful,,
DEP-0082,DEV-065,4.2.1,2025-12-29T15:00:00-06:00,ENG-110,Successful,,
DEP-0083,DEV-066,4.2.1,2025-12-29T15:00:00-06:00,ENG-110,Successful,,
DEP-0084,DEV-067,4.1.4,2025-12-29T15:00:00-06:00,ENG-110,Successful,,
DEP-0085,DEV-068,4.2.1,2025-12-29T15:00:00-06:00,ENG-110,Successful,,
DEP-0086,DEV-069,4.2.1,2025-12-29T15:00:00-06:00,ENG-110,Successful,,
DEP-0087,DEV-070,4.2.1,2025-06-23T15:00:00-05:00,ENG-110,Successful,,
DEP-0088,DEV-071,4.2.1,2025-06-23T15:00:00-05:00,ENG-110,Successful,,
DEP-0089,DEV-072,4.2.1,2025-06-23T15:00:00-05:00,ENG-110,Successful,,
DEP-0090,DEV-073,4.2.1,2025-06-23T15:00:00-05:00,ENG-110,Successful,,
DEP-0091,DEV-074,4.2.1,2025-06-23T15:00:00-05:00,ENG-110,Successful,,
DEP-0092,DEV-075,4.2.1,2025-07-04T15:00:00-05:00,ENG-110,Successful,,
DEP-0093,DEV-076,4.2.1,2025-07-04T15:00:00-05:00,ENG-110,Successful,,
DEP-0094,DEV-076,4.3.1,2026-09-21T09:00:00-05:00,ENG-110,Successful,4.2.1,
DEP-0095,DEV-077,4.2.1,2025-07-04T15:00:00-05:00,ENG-110,Successful,,
DEP-0096,DEV-078,4.2.1,2025-07-04T15:00:00-05:00,ENG-110,Successful,,
DEP-0097,DEV-079,4.2.1,2025-07-04T15:00:00-05:00,ENG-110,Successful,,
DEP-0098,DEV-080,4.2.1,2025-07-15T15:00:00-05:00,ENG-110,Successful,,
DEP-0099,DEV-081,4.1.4,2025-07-15T15:00:00-05:00,ENG-110,Successful,,
DEP-0100,DEV-082,4.2.1,2025-07-15T15:00:00-05:00,ENG-110,Successful,,
DEP-0101,DEV-083,4.2.1,2025-07-15T15:00:00-05:00,ENG-110,Successful,,
DEP-0102,DEV-083,4.3.1,2026-09-21T09:00:00-05:00,ENG-110,Successful,4.2.1,
DEP-0103,DEV-084,4.2.1,2025-07-15T15:00:00-05:00,ENG-110,Successful,,
DEP-0104,DEV-085,4.2.1,2025-07-26T15:00:00-05:00,ENG-110,Successful,,
DEP-0105,DEV-086,4.2.1,2025-07-26T15:00:00-05:00,ENG-110,Successful,,
DEP-0106,DEV-087,4.2.1,2025-07-26T15:00:00-05:00,ENG-110,Successful,,
DEP-0107,DEV-088,4.2.1,2025-07-26T15:00:00-05:00,ENG-110,Successful,,
DEP-0108,DEV-089,4.2.1,2025-07-26T15:00:00-05:00,ENG-110,Successful,,
DEP-0109,DEV-090,4.2.1,2025-08-06T15:00:00-05:00,ENG-110,Successful,,
DEP-0110,DEV-090,4.3.1,2026-09-21T09:00:00-05:00,ENG-110,Successful,4.2.1,
DEP-0111,DEV-091,4.2.1,2025-08-06T15:00:00-05:00,ENG-110,Successful,,
DEP-0112,DEV-092,4.2.1,2025-08-06T15:00:00-05:00,ENG-110,Successful,,
DEP-0113,DEV-093,4.2.1,2025-08-06T15:00:00-05:00,ENG-110,Successful,,
DEP-0114,DEV-094,4.2.1,2025-08-06T15:00:00-05:00,ENG-110,Successful,,
DEP-0115,DEV-095,4.1.4,2025-08-17T15:00:00-05:00,ENG-110,Successful,,
DEP-0116,DEV-096,4.2.1,2025-08-17T15:00:00-05:00,ENG-110,Successful,,
DEP-0117,DEV-097,4.2.1,2025-08-17T15:00:00-05:00,ENG-110,Successful,,
DEP-0118,DEV-098,4.2.1,2025-08-17T15:00:00-05:00,ENG-110,Successful,,
DEP-0119,DEV-098,4.3.0,2026-09-15T02:00:00-05:00,ENG-110,Successful,4.2.1,
DEP-0120,DEV-099,4.2.1,2025-08-28T15:00:00-05:00,ENG-110,Successful,,
DEP-0121,DEV-100,4.2.1,2025-08-28T15:00:00-05:00,ENG-110,Successful,,
DEP-0122,DEV-101,4.2.1,2025-08-28T15:00:00-05:00,ENG-110,Successful,,
DEP-0123,DEV-101,4.3.1,2026-09-21T09:00:00-05:00,ENG-110,Successful,4.2.1,
DEP-0124,DEV-102,4.2.1,2025-08-28T15:00:00-05:00,ENG-110,Successful,,
DEP-0125,DEV-103,4.2.1,2025-09-08T15:00:00-05:00,ENG-110,Successful,,
DEP-0126,DEV-104,4.2.1,2025-09-08T15:00:00-05:00,ENG-110,Successful,,
DEP-0127,DEV-104,4.3.1,2026-09-21T09:00:00-05:00,ENG-110,Successful,4.2.1,
DEP-0128,DEV-105,4.2.1,2025-09-08T15:00:00-05:00,ENG-110,Successful,,
DEP-0129,DEV-106,4.2.1,2025-09-08T15:00:00-05:00,ENG-110,Successful,,
DEP-0130,DEV-107,4.2.1,2025-09-19T15:00:00-05:00,ENG-110,Successful,,
DEP-0131,DEV-108,4.2.1,2025-09-19T15:00:00-05:00,ENG-110,Successful,,
DEP-0132,DEV-109,4.2.1,2025-09-19T15:00:00-05:00,ENG-110,Successful,,
DEP-0133,DEV-110,4.2.1,2025-09-19T15:00:00-05:00,ENG-110,Successful,,
DEP-0134,DEV-111,4.2.1,2025-09-30T15:00:00-05:00,ENG-110,Successful,,
DEP-0135,DEV-111,4.3.1,2026-09-21T09:00:00-05:00,ENG-110,Successful,4.2.1,
DEP-0136,DEV-112,4.2.1,2025-09-30T15:00:00-05:00,ENG-110,Successful,,
DEP-0137,DEV-113,4.2.1,2025-09-30T15:00:00-05:00,ENG-110,Successful,,
DEP-0138,DEV-114,4.2.1,2025-10-11T15:00:00-05:00,ENG-110,Successful,,
DEP-0139,DEV-115,4.2.1,2025-10-11T15:00:00-05:00,ENG-110,Successful,,
DEP-0140,DEV-116,4.2.1,2025-10-11T15:00:00-05:00,ENG-110,Successful,,
DEP-0141,DEV-117,4.2.1,2025-10-22T15:00:00-05:00,ENG-110,Successful,,
DEP-0142,DEV-118,4.2.1,2025-10-22T15:00:00-05:00,ENG-110,Successful,,
DEP-0143,DEV-119,4.2.1,2025-10-22T15:00:00-05:00,ENG-110,Successful,,
DEP-0144,DEV-120,4.2.1,2025-11-02T15:00:00-06:00,ENG-110,Successful,,
DEP-0145,DEV-121,4.2.1,2025-11-02T15:00:00-06:00,ENG-110,Successful,,
DEP-0146,DEV-121,4.3.1,2026-09-21T09:00:00-05:00,ENG-110,Successful,4.2.1,
DEP-0147,DEV-122,4.2.1,2025-11-02T15:00:00-06:00,ENG-110,Successful,,
DEP-0148,DEV-123,4.1.4,2025-11-13T15:00:00-06:00,ENG-110,Successful,,
DEP-0149,DEV-124,4.2.1,2025-11-13T15:00:00-06:00,ENG-110,Successful,,
DEP-0150,DEV-125,4.2.1,2025-11-24T15:00:00-06:00,ENG-110,Successful,,
DEP-0151,DEV-125,4.3.1,2026-09-21T09:00:00-05:00,ENG-110,Successful,4.2.1,
DEP-0152,DEV-126,4.2.1,2025-11-24T15:00:00-06:00,ENG-110,Successful,,
DEP-0153,DEV-127,4.2.1,2025-12-05T15:00:00-06:00,ENG-110,Successful,,
DEP-0154,DEV-128,4.2.1,2025-12-05T15:00:00-06:00,ENG-110,Successful,,
DEP-0155,DEV-129,4.2.1,2025-12-16T15:00:00-06:00,ENG-110,Successful,,
DEP-0156,DEV-130,4.2.1,2025-12-16T15:00:00-06:00,ENG-110,Successful,,
DEP-0157,DEV-131,4.2.1,2025-12-27T15:00:00-06:00,ENG-110,Successful,,
DEP-0158,DEV-132,4.2.1,2025-12-27T15:00:00-06:00,ENG-110,Successful,,
DEP-0159,DEV-132,4.3.1,2026-09-21T09:00:00-05:00,ENG-110,Successful,4.2.1,
DEP-0160,DEV-133,4.2.1,2025-06-21T15:00:00-05:00,ENG-110,Successful,,
DEP-0161,DEV-134,4.2.1,2025-06-21T15:00:00-05:00,ENG-110,Successful,,
DEP-0162,DEV-135,4.2.1,2025-07-02T15:00:00-05:00,ENG-110,Successful,,
DEP-0163,DEV-136,4.2.1,2025-07-02T15:00:00-05:00,ENG-110,Successful,,
DEP-0164,DEV-137,4.1.4,2025-07-13T15:00:00-05:00,ENG-110,Successful,,
DEP-0165,DEV-138,4.2.1,2025-07-13T15:00:00-05:00,ENG-110,Successful,,
DEP-0166,DEV-139,4.2.1,2025-07-24T15:00:00-05:00,ENG-110,Successful,,
DEP-0167,DEV-139,4.3.1,2026-09-21T09:00:00-05:00,ENG-110,Successful,4.2.1,
DEP-0168,DEV-140,4.2.1,2025-07-24T15:00:00-05:00,ENG-110,Successful,,
DEP-0169,DEV-141,4.2.1,2025-08-04T15:00:00-05:00,ENG-110,Successful,,
DEP-0170,DEV-142,4.2.1,2025-08-04T15:00:00-05:00,ENG-110,Successful,,
DEP-0171,DEV-143,4.2.1,2025-08-15T15:00:00-05:00,ENG-110,Successful,,
DEP-0172,DEV-144,4.2.1,2025-08-15T15:00:00-05:00,ENG-110,Successful,,
DEP-0173,DEV-145,4.2.1,2025-08-26T15:00:00-05:00,ENG-110,Successful,,
DEP-0174,DEV-146,4.2.1,2025-08-26T15:00:00-05:00,ENG-110,Successful,,
DEP-0175,DEV-146,4.3.1,2026-09-21T09:00:00-05:00,ENG-110,Successful,4.2.1,
