device_id,device_serial,customer_id,site_id,device_type,manufacturer,model,installation_date,status,firmware_version,hardware_revision,commissioning_date,last_seen_at,rated_capacity_kwh,rated_power_kw
DEV-001,SYN-BAT-00001,CUST-001,SITE-001,Battery,MesaVolt,Ledge-200,2025-06-02,Offline,4.2.1,HW-B,2025-06-14,2026-09-26T14:40:00-05:00,200,100
DEV-002,SYN-INV-00002,CUST-001,SITE-001,Inverter,CinderPeak,Sill-90,2025-06-02,Online,4.2.1,HW-B,2025-06-14,2026-09-27T16:00:00-05:00,,90
DEV-003,SYN-GW-00003,CUST-001,SITE-001,Gateway,RioCharge,Link-4,2025-06-02,Online,4.2.1,HW-C,2025-06-14,2026-09-27T16:00:00-05:00,,
DEV-004,SYN-SEN-00004,CUST-001,SITE-001,Sensor,Northline,Sense-T,2025-06-02,Online,4.2.1,HW-A,2025-06-14,2026-09-27T16:00:00-05:00,,
DEV-005,SYN-SEN-00005,CUST-001,SITE-001,Sensor,Northline,Sense-V,2025-06-02,Online,4.2.1,HW-B,2025-06-14,2026-09-27T16:00:00-05:00,,
DEV-006,SYN-BAT-00006,CUST-002,SITE-002,Battery,Northline,Arroyo-200,2025-06-13,Online,4.3.1,HW-D,2025-06-25,2026-09-27T16:00:00-05:00,200,100
DEV-007,SYN-INV-00007,CUST-002,SITE-002,Inverter,CinderPeak,Sill-90,2025-06-13,Online,4.2.1,HW-B,2025-06-25,2026-09-27T16:00:00-05:00,,90
DEV-008,SYN-GW-00008,CUST-002,SITE-002,Gateway,RioCharge,Link-4,2025-06-13,Online,4.2.1,HW-B,2025-06-25,2026-09-27T16:00:00-05:00,,
DEV-009,SYN-BAT-00009,CUST-003,SITE-003,Battery,MesaVolt,Ledge-200,2025-06-24,Online,4.2.1,HW-B,2025-07-06,2026-09-27T16:00:00-05:00,200,100
DEV-010,SYN-INV-00010,CUST-003,SITE-003,Inverter,CinderPeak,Sill-90,2025-06-24,Online,4.2.1,HW-C,2025-07-06,2026-09-27T16:00:00-05:00,,90
DEV-011,SYN-GW-00011,CUST-003,SITE-003,Gateway,RioCharge,Link-4,2025-06-24,Online,4.3.1,HW-B,2025-07-06,2026-09-27T16:00:00-05:00,,
DEV-012,SYN-BAT-00012,CUST-004,SITE-004,Battery,Northline,Arroyo-200,2025-07-05,Degraded,4.3.0,HW-B,2025-07-17,2026-09-27T16:00:00-05:00,200,100
DEV-013,SYN-INV-00013,CUST-004,SITE-004,Inverter,CinderPeak,Sill-90,2025-07-05,Online,4.3.1,HW-D,2025-07-17,2026-09-27T16:00:00-05:00,,90
DEV-014,SYN-GW-00014,CUST-004,SITE-004,Gateway,RioCharge,Link-4,2025-07-05,Online,4.2.1,HW-B,2025-07-17,2026-09-27T16:00:00-05:00,,
DEV-015,SYN-BAT-00015,CUST-005,SITE-005,Battery,MesaVolt,Ledge-200,2025-07-16,Online,4.2.1,HW-B,2025-07-28,2026-09-27T16:00:00-05:00,200,100
DEV-016,SYN-INV-00016,CUST-005,SITE-005,Inverter,CinderPeak,Sill-90,2025-07-16,Online,4.2.1,HW-B,2025-07-28,2026-09-27T16:00:00-05:00,,90
DEV-017,SYN-GW-00017,CUST-005,SITE-005,Gateway,RioCharge,Link-4,2025-07-16,Online,4.2.1,HW-C,2025-07-28,2026-09-27T16:00:00-05:00,,
DEV-018,SYN-BAT-00018,CUST-006,SITE-006,Battery,Northline,Arroyo-200,2025-07-27,Online,4.2.1,HW-A,2025-08-08,2026-09-27T16:00:00-05:00,200,100
DEV-019,SYN-INV-00019,CUST-006,SITE-006,Inverter,CinderPeak,Sill-90,2025-07-27,Online,4.2.1,HW-B,2025-08-08,2026-09-27T16:00:00-05:00,,90
DEV-020,SYN-GW-00020,CUST-006,SITE-006,Gateway,RioCharge,Link-4,2025-07-27,Online,4.3.1,HW-D,2025-08-08,2026-09-27T16:00:00-05:00,,
DEV-021,SYN-SEN-00021,CUST-006,SITE-006,Sensor,Northline,Sense-V,2025-07-27,Online,4.2.1,HW-B,2025-08-08,2026-09-27T16:00:00-05:00,,
DEV-022,SYN-SEN-00022,CUST-006,SITE-006,Sensor,Northline,Sense-T,2025-07-27,Online,4.2.1,HW-B,2025-08-08,2026-09-27T16:00:00-05:00,,
DEV-023,SYN-BAT-00023,CUST-007,SITE-007,Battery,MesaVolt,Ledge-200,2025-08-07,Online,4.2.1,HW-B,2025-08-19,2026-09-27T16:00:00-05:00,200,100
DEV-024,SYN-INV-00024,CUST-007,SITE-007,Inverter,CinderPeak,Sill-90,2025-08-07,Online,4.2.1,HW-C,2025-08-19,2026-09-27T16:00:00-05:00,,90
DEV-025,SYN-GW-00025,CUST-007,SITE-007,Gateway,RioCharge,Link-4,2025-08-07,Offline,4.2.1,HW-B,2025-08-19,2026-09-25T02:00:00-05:00,,
DEV-026,SYN-BAT-00026,CUST-008,SITE-008,Battery,Northline,Arroyo-200,2025-08-18,Degraded,4.2.1,HW-C,2025-08-30,2026-09-27T16:00:00-05:00,200,100
DEV-027,SYN-INV-00027,CUST-008,SITE-008,Inverter,CinderPeak,Sill-90,2025-08-18,Online,4.3.1,HW-D,2025-08-30,2026-09-27T16:00:00-05:00,,90
DEV-028,SYN-GW-00028,CUST-008,SITE-008,Gateway,RioCharge,Link-4,2025-08-18,Online,4.2.1,HW-B,2025-08-30,2026-09-27T16:00:00-05:00,,
DEV-029,SYN-SEN-00029,CUST-008,SITE-008,Sensor,Northline,Sense-V,2025-08-18,Online,4.2.1,HW-B,2025-08-30,2026-09-27T16:00:00-05:00,,
DEV-030,SYN-SEN-00030,CUST-008,SITE-008,Sensor,Northline,Sense-T,2025-08-18,Online,4.2.1,HW-B,2025-08-30,2026-09-27T16:00:00-05:00,,
DEV-031,SYN-BAT-00031,CUST-009,SITE-009,Battery,MesaVolt,Ledge-200,2025-08-29,Degraded,4.2.1,HW-C,2025-09-10,2026-09-27T16:00:00-05:00,200,100
DEV-032,SYN-INV-00032,CUST-009,SITE-009,Inverter,CinderPeak,Sill-90,2025-08-29,Online,4.2.1,HW-A,2025-09-10,2026-09-27T16:00:00-05:00,,90
DEV-033,SYN-GW-00033,CUST-009,SITE-009,Gateway,RioCharge,Link-4,2025-08-29,Online,4.2.1,HW-B,2025-09-10,2026-09-27T16:00:00-05:00,,
DEV-034,SYN-BAT-00034,CUST-010,SITE-010,Battery,Northline,Arroyo-200,2025-09-09,Degraded,4.3.1,HW-C,2025-09-21,2026-09-27T16:00:00-05:00,200,100
DEV-035,SYN-INV-00035,CUST-010,SITE-010,Inverter,CinderPeak,Sill-90,2025-09-09,Online,4.2.1,HW-B,2025-09-21,2026-09-27T16:00:00-05:00,,90
DEV-036,SYN-GW-00036,CUST-010,SITE-010,Gateway,RioCharge,Link-4,2025-09-09,Online,4.2.1,HW-B,2025-09-21,2026-09-27T16:00:00-05:00,,
DEV-037,SYN-BAT-00037,CUST-001,SITE-011,Battery,MesaVolt,Ledge-200,2025-09-20,Online,4.2.1,HW-B,2025-10-02,2026-09-27T16:00:00-05:00,200,100
DEV-038,SYN-INV-00038,CUST-001,SITE-011,Inverter,CinderPeak,Sill-90,2025-09-20,Online,4.2.1,HW-C,2025-10-02,2026-09-27T16:00:00-05:00,,90
DEV-039,SYN-GW-00039,CUST-001,SITE-011,Gateway,RioCharge,Link-4,2025-09-20,Online,4.1.4,HW-A,2025-10-02,2026-09-27T16:00:00-05:00,,
DEV-040,SYN-SEN-00040,CUST-001,SITE-011,Sensor,Northline,Sense-T,2025-09-20,Online,4.2.1,HW-B,2025-10-02,2026-09-27T16:00:00-05:00,,
DEV-041,SYN-SEN-00041,CUST-001,SITE-011,Sensor,Northline,Sense-V,2025-09-20,Online,4.2.1,HW-D,2025-10-02,2026-09-27T16:00:00-05:00,,
DEV-042,SYN-BAT-00042,CUST-002,SITE-012,Battery,Northline,Arroyo-200,2025-10-01,Online,4.2.1,HW-B,2025-10-13,2026-09-27T16:00:00-05:00,200,100
DEV-043,SYN-INV-00043,CUST-002,SITE-012,Inverter,CinderPeak,Sill-90,2025-10-01,Faulted,4.2.1,HW-B,2025-10-13,2026-09-27T16:00:00-05:00,,90
DEV-044,SYN-GW-00044,CUST-002,SITE-012,Gateway,RioCharge,Link-4,2025-10-01,Online,4.2.1,HW-B,2025-10-13,2026-09-27T16:00:00-05:00,,
DEV-045,SYN-BAT-00045,CUST-003,SITE-013,Battery,MesaVolt,Ledge-200,2025-10-12,Degraded,4.2.1,HW-B,2025-10-24,2026-09-27T16:00:00-05:00,200,100
DEV-046,SYN-INV-00046,CUST-003,SITE-013,Inverter,CinderPeak,Sill-90,2025-10-12,Online,4.2.1,HW-A,2025-10-24,2026-09-27T16:00:00-05:00,,90
DEV-047,SYN-GW-00047,CUST-003,SITE-013,Gateway,RioCharge,Link-4,2025-10-12,Online,4.2.1,HW-B,2025-10-24,2026-09-27T16:00:00-05:00,,
DEV-048,SYN-BAT-00048,CUST-004,SITE-014,Battery,Northline,Arroyo-200,2025-10-23,Online,4.3.1,HW-D,2025-11-04,2026-09-27T16:00:00-05:00,200,100
DEV-049,SYN-INV-00049,CUST-004,SITE-014,Inverter,CinderPeak,Sill-90,2025-10-23,Online,4.2.1,HW-B,2025-11-04,2026-09-27T16:00:00-05:00,,90
DEV-050,SYN-GW-00050,CUST-004,SITE-014,Gateway,RioCharge,Link-4,2025-10-23,Online,4.2.1,HW-B,2025-11-04,2026-09-27T16:00:00-05:00,,
DEV-051,SYN-BAT-00051,CUST-005,SITE-015,Battery,MesaVolt,Ledge-200,2025-11-03,Online,4.2.1,HW-B,2025-11-15,2026-09-27T16:00:00-05:00,200,100
DEV-052,SYN-INV-00052,CUST-005,SITE-015,Inverter,CinderPeak,Sill-90,2025-11-03,Online,4.2.1,HW-C,2025-11-15,2026-09-27T16:00:00-05:00,,90
DEV-053,SYN-GW-00053,CUST-005,SITE-015,Gateway,RioCharge,Link-4,2025-11-03,Online,4.1.4,HW-A,2025-11-15,2026-09-27T16:00:00-05:00,,
DEV-054,SYN-BAT-00054,CUST-006,SITE-016,Battery,Northline,Arroyo-200,2025-11-14,Online,4.2.1,HW-B,2025-11-26,2026-09-27T16:00:00-05:00,200,100
DEV-055,SYN-INV-00055,CUST-006,SITE-016,Inverter,CinderPeak,Sill-90,2025-11-14,Online,4.3.1,HW-D,2025-11-26,2026-09-27T16:00:00-05:00,,90
DEV-056,SYN-GW-00056,CUST-006,SITE-016,Gateway,RioCharge,Link-4,2025-11-14,Online,4.2.1,HW-B,2025-11-26,2026-09-27T16:00:00-05:00,,
DEV-057,SYN-SEN-00057,CUST-006,SITE-016,Sensor,Northline,Sense-V,2025-11-14,Online,4.2.1,HW-B,2025-11-26,2026-09-27T16:00:00-05:00,,
DEV-058,SYN-SEN-00058,CUST-006,SITE-016,Sensor,Northline,Sense-T,2025-11-14,Online,4.2.1,HW-B,2025-11-26,2026-09-27T16:00:00-05:00,,
DEV-059,SYN-BAT-00059,CUST-007,SITE-017,Battery,MesaVolt,Ledge-200,2025-11-25,Online,4.2.1,HW-C,2025-12-07,2026-09-27T16:00:00-05:00,200,100
DEV-060,SYN-INV-00060,CUST-007,SITE-017,Inverter,CinderPeak,Sill-90,2025-11-25,Online,4.2.1,HW-A,2025-12-07,2026-09-27T16:00:00-05:00,,90
DEV-061,SYN-GW-00061,CUST-007,SITE-017,Gateway,RioCharge,Link-4,2025-11-25,Online,4.2.1,HW-B,2025-12-07,2026-09-27T16:00:00-05:00,,
DEV-062,SYN-BAT-00062,CUST-008,SITE-018,Battery,Northline,Arroyo-200,2025-12-06,Online,4.3.1,HW-B,2025-12-18,2026-09-27T16:00:00-05:00,200,100
DEV-063,SYN-INV-00063,CUST-008,SITE-018,Inverter,CinderPeak,Sill-90,2025-12-06,Online,4.2.1,HW-B,2025-12-18,2026-09-27T16:00:00-05:00,,90
DEV-064,SYN-GW-00064,CUST-008,SITE-018,Gateway,RioCharge,Link-4,2025-12-06,Online,4.2.1,HW-B,2025-12-18,2026-09-27T16:00:00-05:00,,
DEV-065,SYN-BAT-00065,CUST-009,SITE-019,Battery,MesaVolt,Ledge-200,2025-12-17,Online,4.2.1,HW-B,2025-12-29,2026-09-27T16:00:00-05:00,200,100
DEV-066,SYN-INV-00066,CUST-009,SITE-019,Inverter,CinderPeak,Sill-90,2025-12-17,Faulted,4.2.1,HW-B,2025-12-29,2026-09-27T16:00:00-05:00,,90
DEV-067,SYN-GW-00067,CUST-009,SITE-019,Gateway,RioCharge,Link-4,2025-12-17,Online,4.1.4,HW-A,2025-12-29,2026-09-27T16:00:00-05:00,,
DEV-068,SYN-SEN-00068,CUST-009,SITE-019,Sensor,Northline,Sense-T,2025-12-17,Online,4.2.1,HW-B,2025-12-29,2026-09-27T16:00:00-05:00,,
DEV-069,SYN-SEN-00069,CUST-009,SITE-019,Sensor,Northline,Sense-V,2025-12-17,Online,4.2.1,HW-D,2025-12-29,2026-09-27T16:00:00-05:00,,
DEV-070,SYN-BAT-00070,CUST-010,SITE-020,Battery,Northline,Arroyo-200,2025-06-11,Online,4.2.1,HW-B,2025-06-23,2026-09-27T16:00:00-05:00,200,100
DEV-071,SYN-BAT-00071,CUST-010,SITE-020,Battery,MesaVolt,Ledge-200,2025-06-11,Online,4.2.1,HW-B,2025-06-23,2026-09-27T16:00:00-05:00,200,100
DEV-072,SYN-INV-00072,CUST-010,SITE-020,Inverter,CinderPeak,Sill-90,2025-06-11,Online,4.2.1,HW-B,2025-06-23,2026-09-27T16:00:00-05:00,,90
DEV-073,SYN-GW-00073,CUST-010,SITE-020,Gateway,RioCharge,Link-4,2025-06-11,Online,4.2.1,HW-C,2025-06-23,2026-09-27T16:00:00-05:00,,
DEV-074,SYN-SEN-00074,CUST-010,SITE-020,Sensor,Northline,Sense-T,2025-06-11,Online,4.2.1,HW-A,2025-06-23,2026-09-27T16:00:00-05:00,,
DEV-075,SYN-BAT-00075,CUST-001,SITE-021,Battery,MesaVolt,Ledge-200,2025-06-22,Online,4.2.1,HW-B,2025-07-04,2026-09-27T16:00:00-05:00,200,100
DEV-076,SYN-BAT-00076,CUST-001,SITE-021,Battery,Northline,Arroyo-200,2025-06-22,Online,4.3.1,HW-D,2025-07-04,2026-09-27T16:00:00-05:00,200,100
DEV-077,SYN-INV-00077,CUST-001,SITE-021,Inverter,CinderPeak,Sill-90,2025-06-22,Online,4.2.1,HW-B,2025-07-04,2026-09-27T16:00:00-05:00,,90
DEV-078,SYN-GW-00078,CUST-001,SITE-021,Gateway,RioCharge,Link-4,2025-06-22,Online,4.2.1,HW-B,2025-07-04,2026-09-27T16:00:00-05:00,,
DEV-079,SYN-SEN-00079,CUST-001,SITE-021,Sensor,Northline,Sense-V,2025-06-22,Online,4.2.1,HW-B,2025-07-04,2026-09-27T16:00:00-05:00,,
DEV-080,SYN-BAT-00080,CUST-002,SITE-022,Battery,Northline,Arroyo-200,2025-07-03,Online,4.2.1,HW-C,2025-07-15,2026-09-27T16:00:00-05:00,200,100
DEV-081,SYN-BAT-00081,CUST-002,SITE-022,Battery,MesaVolt,Ledge-200,2025-07-03,Online,4.1.4,HW-A,2025-07-15,2026-09-27T16:00:00-05:00,200,100
DEV-082,SYN-INV-00082,CUST-002,SITE-022,Inverter,CinderPeak,Sill-90,2025-07-03,Online,4.2.1,HW-B,2025-07-15,2026-09-27T16:00:00-05:00,,90
DEV-083,SYN-GW-00083,CUST-002,SITE-022,Gateway,RioCharge,Link-4,2025-07-03,Online,4.3.1,HW-D,2025-07-15,2026-09-27T16:00:00-05:00,,
DEV-084,SYN-SEN-00084,CUST-002,SITE-022,Sensor,Northline,Sense-T,2025-07-03,Online,4.2.1,HW-B,2025-07-15,2026-09-27T16:00:00-05:00,,
DEV-085,SYN-BAT-00085,CUST-003,SITE-023,Battery,MesaVolt,Ledge-200,2025-07-14,Online,4.2.1,HW-B,2025-07-26,2026-09-27T16:00:00-05:00,200,100
DEV-086,SYN-BAT-00086,CUST-003,SITE-023,Battery,Northline,Arroyo-200,2025-07-14,Online,4.2.1,HW-B,2025-07-26,2026-09-27T16:00:00-05:00,200,100
DEV-087,SYN-INV-00087,CUST-003,SITE-023,Inverter,CinderPeak,Sill-90,2025-07-14,Online,4.2.1,HW-C,2025-07-26,2026-09-27T16:00:00-05:00,,90
DEV-088,SYN-INV-00088,CUST-003,SITE-023,Inverter,CinderPeak,Sill-90,2025-07-14,Online,4.2.1,HW-A,2025-07-26,2026-09-27T16:00:00-05:00,,90
DEV-089,SYN-GW-00089,CUST-003,SITE-023,Gateway,RioCharge,Link-4,2025-07-14,Online,4.2.1,HW-B,2025-07-26,2026-09-27T16:00:00-05:00,,
DEV-090,SYN-BAT-00090,CUST-004,SITE-024,Battery,Northline,Arroyo-200,2025-07-25,Online,4.3.1,HW-D,2025-08-06,2026-09-27T16:00:00-05:00,200,100
DEV-091,SYN-BAT-00091,CUST-004,SITE-024,Battery,MesaVolt,Ledge-200,2025-07-25,Online,4.2.1,HW-B,2025-08-06,2026-09-27T16:00:00-05:00,200,100
DEV-092,SYN-INV-00092,CUST-004,SITE-024,Inverter,CinderPeak,Sill-90,2025-07-25,Online,4.2.1,HW-B,2025-08-06,2026-09-27T16:00:00-05:00,,90
DEV-093,SYN-INV-00093,CUST-004,SITE-024,Inverter,CinderPeak,Sill-90,2025-07-25,Online,4.2.1,HW-B,2025-08-06,2026-09-27T16:00:00-05:00,,90
DEV-094,SYN-GW-00094,CUST-004,SITE-024,Gateway,RioCharge,Link-4,2025-07-25,Online,4.2.1,HW-C,2025-08-06,2026-09-27T16:00:00-05:00,,
DEV-095,SYN-BAT-00095,CUST-005,SITE-025,Battery,MesaVolt,Ledge-200,2025-08-05,Online,4.1.4,HW-A,2025-08-17,2026-09-27T16:00:00-05:00,200,100
DEV-096,SYN-INV-00096,CUST-005,SITE-025,Inverter,CinderPeak,Sill-90,2025-08-05,Online,4.2.1,HW-B,2025-08-17,2026-09-27T16:00:00-05:00,,90
DEV-097,SYN-EC-00097,CUST-005,SITE-025,Energy Controller,LanternGrid,HelioNode-30,2025-08-05,Online,4.2.1,HW-D,2025-08-17,2026-09-27T16:00:00-05:00,,30
DEV-098,SYN-GW-00098,CUST-005,SITE-025,Gateway,RioCharge,Link-4,2025-08-05,Degraded,4.3.0,HW-B,2025-08-17,2026-09-27T16:00:00-05:00,,
DEV-099,SYN-BAT-00099,CUST-006,SITE-026,Battery,MesaVolt,Ledge-200,2025-08-16,Online,4.2.1,HW-B,2025-08-28,2026-09-27T16:00:00-05:00,200,100
DEV-100,SYN-INV-00100,CUST-006,SITE-026,Inverter,CinderPeak,Sill-90,2025-08-16,Online,4.2.1,HW-B,2025-08-28,2026-09-27T16:00:00-05:00,,90
DEV-101,SYN-EC-00101,CUST-006,SITE-026,Energy Controller,LanternGrid,HelioNode-30,2025-08-16,Online,4.3.1,HW-C,2025-08-28,2026-09-27T16:00:00-05:00,,30
DEV-102,SYN-GW-00102,CUST-006,SITE-026,Gateway,RioCharge,Link-4,2025-08-16,Online,4.2.1,HW-A,2025-08-28,2026-09-27T16:00:00-05:00,,
DEV-103,SYN-BAT-00103,CUST-007,SITE-027,Battery,MesaVolt,Ledge-200,2025-08-27,Online,4.2.1,HW-B,2025-09-08,2026-09-27T16:00:00-05:00,200,100
DEV-104,SYN-INV-00104,CUST-007,SITE-027,Inverter,CinderPeak,Sill-90,2025-08-27,Online,4.3.1,HW-D,2025-09-08,2026-09-27T16:00:00-05:00,,90
DEV-105,SYN-EC-00105,CUST-007,SITE-027,Energy Controller,LanternGrid,HelioNode-30,2025-08-27,Online,4.2.1,HW-B,2025-09-08,2026-09-27T16:00:00-05:00,,30
DEV-106,SYN-GW-00106,CUST-007,SITE-027,Gateway,RioCharge,Link-4,2025-08-27,Online,4.2.1,HW-B,2025-09-08,2026-09-27T16:00:00-05:00,,
DEV-107,SYN-BAT-00107,CUST-008,SITE-028,Battery,MesaVolt,Ledge-200,2025-09-07,Online,4.2.1,HW-B,2025-09-19,2026-09-27T16:00:00-05:00,200,100
DEV-108,SYN-INV-00108,CUST-008,SITE-028,Inverter,CinderPeak,Sill-90,2025-09-07,Online,4.2.1,HW-C,2025-09-19,2026-09-27T16:00:00-05:00,,90
DEV-109,SYN-EC-00109,CUST-008,SITE-028,Energy Controller,LanternGrid,HelioNode-30,2025-09-07,Online,4.2.1,HW-A,2025-09-19,2026-09-27T16:00:00-05:00,,30
DEV-110,SYN-GW-00110,CUST-008,SITE-028,Gateway,RioCharge,Link-4,2025-09-07,Online,4.2.1,HW-B,2025-09-19,2026-09-27T16:00:00-05:00,,
DEV-111,SYN-BAT-00111,CUST-009,SITE-029,Battery,MesaVolt,Ledge-200,2025-09-18,Online,4.3.1,HW-D,2025-09-30,2026-09-27T16:00:00-05:00,200,100
DEV-112,SYN-EC-00112,CUST-009,SITE-029,Energy Controller,LanternGrid,BusTie-50,2025-09-18,Online,4.2.1,HW-B,2025-09-30,2026-09-27T16:00:00-05:00,,50
DEV-113,SYN-GW-00113,CUST-009,SITE-029,Gateway,RioCharge,Link-4,2025-09-18,Online,4.2.1,HW-B,2025-09-30,2026-09-27T16:00:00-05:00,,
DEV-114,SYN-BAT-00114,CUST-010,SITE-030,Battery,Northline,Arroyo-200,2025-09-29,Online,4.2.1,HW-B,2025-10-11,2026-09-27T16:00:00-05:00,200,100
DEV-115,SYN-EC-00115,CUST-010,SITE-030,Energy Controller,LanternGrid,BusTie-50,2025-09-29,Online,4.2.1,HW-C,2025-10-11,2026-09-27T16:00:00-05:00,,50
DEV-116,SYN-GW-00116,CUST-010,SITE-030,Gateway,RioCharge,Link-4,2025-09-29,Online,4.2.1,HW-A,2025-10-11,2026-09-27T16:00:00-05:00,,
DEV-117,SYN-BAT-00117,CUST-001,SITE-031,Battery,MesaVolt,Ledge-200,2025-10-10,Online,4.2.1,HW-B,2025-10-22,2026-09-27T16:00:00-05:00,200,100
DEV-118,SYN-EC-00118,CUST-001,SITE-031,Energy Controller,LanternGrid,BusTie-50,2025-10-10,Online,4.2.1,HW-D,2025-10-22,2026-09-27T16:00:00-05:00,,50
DEV-119,SYN-GW-00119,CUST-001,SITE-031,Gateway,RioCharge,Link-4,2025-10-10,Online,4.2.1,HW-B,2025-10-22,2026-09-27T16:00:00-05:00,,
DEV-120,SYN-BAT-00120,CUST-002,SITE-032,Battery,Northline,Arroyo-200,2025-10-21,Online,4.2.1,HW-B,2025-11-02,2026-09-27T16:00:00-05:00,200,100
DEV-121,SYN-EC-00121,CUST-002,SITE-032,Energy Controller,LanternGrid,BusTie-50,2025-10-21,Online,4.3.1,HW-B,2025-11-02,2026-09-27T16:00:00-05:00,,50
DEV-122,SYN-GW-00122,CUST-002,SITE-032,Gateway,RioCharge,Link-4,2025-10-21,Online,4.2.1,HW-C,2025-11-02,2026-09-27T16:00:00-05:00,,
DEV-123,SYN-BAT-00123,CUST-003,SITE-033,Battery,MesaVolt,Ledge-200,2025-11-01,Maintenance,4.1.4,HW-A,2025-11-13,2026-09-27T16:00:00-05:00,200,100
DEV-124,SYN-INV-00124,CUST-003,SITE-033,Inverter,CinderPeak,Sill-90,2025-11-01,Online,4.2.1,HW-B,2025-11-13,2026-09-27T16:00:00-05:00,,90
DEV-125,SYN-BAT-00125,CUST-004,SITE-034,Battery,MesaVolt,Ledge-200,2025-11-12,Online,4.3.1,HW-D,2025-11-24,2026-09-27T16:00:00-05:00,200,100
DEV-126,SYN-INV-00126,CUST-004,SITE-034,Inverter,CinderPeak,Sill-90,2025-11-12,Online,4.2.1,HW-B,2025-11-24,2026-09-27T16:00:00-05:00,,90
DEV-127,SYN-BAT-00127,CUST-005,SITE-035,Battery,MesaVolt,Ledge-200,2025-11-23,Online,4.2.1,HW-B,2025-12-05,2026-09-27T16:00:00-05:00,200,100
DEV-128,SYN-INV-00128,CUST-005,SITE-035,Inverter,CinderPeak,Sill-90,2025-11-23,Online,4.2.1,HW-B,2025-12-05,2026-09-27T16:00:00-05:00,,90
DEV-129,SYN-BAT-00129,CUST-006,SITE-036,Battery,MesaVolt,Ledge-200,2025-12-04,Online,4.2.1,HW-C,2025-12-16,2026-09-27T16:00:00-05:00,200,100
DEV-130,SYN-INV-00130,CUST-006,SITE-036,Inverter,CinderPeak,Sill-90,2025-12-04,Online,4.2.1,HW-A,2025-12-16,2026-09-27T16:00:00-05:00,,90
DEV-131,SYN-BAT-00131,CUST-007,SITE-037,Battery,MesaVolt,Ledge-200,2025-12-15,Online,4.2.1,HW-B,2025-12-27,2026-09-27T16:00:00-05:00,200,100
DEV-132,SYN-INV-00132,CUST-007,SITE-037,Inverter,CinderPeak,Sill-90,2025-12-15,Online,4.3.1,HW-D,2025-12-27,2026-09-27T16:00:00-05:00,,90
DEV-133,SYN-BAT-00133,CUST-008,SITE-038,Battery,MesaVolt,Ledge-200,2025-06-09,Online,4.2.1,HW-B,2025-06-21,2026-09-27T16:00:00-05:00,200,100
DEV-134,SYN-INV-00134,CUST-008,SITE-038,Inverter,CinderPeak,Sill-90,2025-06-09,Online,4.2.1,HW-B,2025-06-21,2026-09-27T16:00:00-05:00,,90
DEV-135,SYN-BAT-00135,CUST-009,SITE-039,Battery,MesaVolt,Ledge-200,2025-06-20,Online,4.2.1,HW-B,2025-07-02,2026-09-27T16:00:00-05:00,200,100
DEV-136,SYN-INV-00136,CUST-009,SITE-039,Inverter,CinderPeak,Sill-90,2025-06-20,Online,4.2.1,HW-C,2025-07-02,2026-09-27T16:00:00-05:00,,90
DEV-137,SYN-BAT-00137,CUST-010,SITE-040,Battery,MesaVolt,Ledge-200,2025-07-01,Online,4.1.4,HW-A,2025-07-13,2026-09-27T16:00:00-05:00,200,100
DEV-138,SYN-INV-00138,CUST-010,SITE-040,Inverter,CinderPeak,Sill-90,2025-07-01,Online,4.2.1,HW-B,2025-07-13,2026-09-27T16:00:00-05:00,,90
DEV-139,SYN-BAT-00139,CUST-001,SITE-041,Battery,MesaVolt,Ledge-200,2025-07-12,Online,4.3.1,HW-D,2025-07-24,2026-09-27T16:00:00-05:00,200,100
DEV-140,SYN-INV-00140,CUST-001,SITE-041,Inverter,CinderPeak,Sill-90,2025-07-12,Online,4.2.1,HW-B,2025-07-24,2026-09-27T16:00:00-05:00,,90
DEV-141,SYN-BAT-00141,CUST-002,SITE-042,Battery,MesaVolt,Ledge-200,2025-07-23,Online,4.2.1,HW-B,2025-08-04,2026-09-27T16:00:00-05:00,200,100
DEV-142,SYN-INV-00142,CUST-002,SITE-042,Inverter,CinderPeak,Sill-90,2025-07-23,Online,4.2.1,HW-B,2025-08-04,2026-09-27T16:00:00-05:00,,90
DEV-143,SYN-BAT-00143,CUST-003,SITE-043,Battery,MesaVolt,Ledge-200,2025-08-03,Online,4.2.1,HW-C,2025-08-15,2026-09-27T16:00:00-05:00,200,100
DEV-144,SYN-INV-00144,CUST-003,SITE-043,Inverter,CinderPeak,Sill-90,2025-08-03,Online,4.2.1,HW-A,2025-08-15,2026-09-27T16:00:00-05:00,,90
DEV-145,SYN-BAT-00145,CUST-004,SITE-044,Battery,MesaVolt,Ledge-200,2025-08-14,Online,4.2.1,HW-B,2025-08-26,2026-09-27T16:00:00-05:00,200,100
DEV-146,SYN-INV-00146,CUST-004,SITE-044,Inverter,CinderPeak,Sill-90,2025-08-14,Online,4.3.1,HW-D,2025-08-26,2026-09-27T16:00:00-05:00,,90
