configuration_id,device_id,parameter_name,parameter_value,unit,expected_value,min_allowed,max_allowed,last_modified,modified_by,configuration_status
CFG-00001,DEV-001,Max Charge Current,120,A,120,0,150,2025-06-14T16:00:00-05:00,ENG-104,Nominal
CFG-00002,DEV-001,Max Discharge Current,120,A,120,0,150,2025-06-14T16:00:00-05:00,ENG-104,Nominal
CFG-00003,DEV-001,Temperature Threshold,60,C,60,45,70,2025-06-14T16:00:00-05:00,ENG-104,Nominal
CFG-00004,DEV-001,SOC Minimum,10,%,10,5,20,2025-06-14T16:00:00-05:00,ENG-104,Nominal
CFG-00005,DEV-001,SOC Maximum,95,%,95,80,100,2025-06-14T16:00:00-05:00,ENG-104,Nominal
CFG-00006,DEV-001,Restart Delay,30,s,30,5,300,2025-06-14T16:00:00-05:00,ENG-104,Nominal
CFG-00007,DEV-001,Communication Timeout,30,s,30,5,120,2025-06-14T16:00:00-05:00,ENG-104,Nominal
CFG-00008,DEV-002,Grid Voltage Limit,504,V,504,450,530,2025-06-14T16:00:00-05:00,ENG-104,Nominal
CFG-00009,DEV-002,Grid Frequency Limit,0.5,Hz,0.5,0.2,1.0,2025-06-14T16:00:00-05:00,ENG-104,Nominal
CFG-00010,DEV-002,Inverter Power Limit,90,kW,90,10,90,2025-06-14T16:00:00-05:00,ENG-104,Nominal
CFG-00011,DEV-002,Restart Delay,60,s,60,5,300,2025-06-14T16:00:00-05:00,ENG-104,Nominal
CFG-00012,DEV-002,Communication Timeout,30,s,30,5,120,2025-06-14T16:00:00-05:00,ENG-104,Nominal
CFG-00013,DEV-002,Temperature Threshold,70,C,70,50,85,2025-06-14T16:00:00-05:00,ENG-104,Nominal
CFG-00014,DEV-003,Communication Timeout,30,s,30,5,120,2025-06-14T16:00:00-05:00,ENG-104,Nominal
CFG-00015,DEV-003,Restart Delay,15,s,15,5,300,2025-06-14T16:00:00-05:00,ENG-104,Nominal
CFG-00016,DEV-004,Temperature Threshold,60,C,60,45,70,2025-06-14T16:00:00-05:00,ENG-104,Nominal
CFG-00017,DEV-005,Temperature Threshold,60,C,60,45,70,2025-06-14T16:00:00-05:00,ENG-104,Nominal
CFG-00018,DEV-006,Max Charge Current,120,A,120,0,150,2025-06-25T16:00:00-05:00,ENG-104,Nominal
CFG-00019,DEV-006,Max Discharge Current,120,A,120,0,150,2025-06-25T16:00:00-05:00,ENG-104,Nominal
CFG-00020,DEV-006,Temperature Threshold,60,C,60,45,70,2025-06-25T16:00:00-05:00,ENG-104,Nominal
CFG-00021,DEV-006,SOC Minimum,10,%,10,5,20,2025-06-25T16:00:00-05:00,ENG-104,Nominal
CFG-00022,DEV-006,SOC Maximum,75,%,90,80,100,2026-09-09T13:00:00-05:00,TECH-221,Mismatch
CFG-00023,DEV-006,Restart Delay,30,s,30,5,300,2025-06-25T16:00:00-05:00,ENG-104,Nominal
CFG-00024,DEV-006,Communication Timeout,30,s,30,5,120,2025-06-25T16:00:00-05:00,ENG-104,Nominal
CFG-00025,DEV-007,Grid Voltage Limit,504,V,504,450,530,2025-06-25T16:00:00-05:00,ENG-104,Nominal
CFG-00026,DEV-007,Grid Frequency Limit,0.5,Hz,0.5,0.2,1.0,2025-06-25T16:00:00-05:00,ENG-104,Nominal
CFG-00027,DEV-007,Inverter Power Limit,90,kW,90,10,90,2025-06-25T16:00:00-05:00,ENG-104,Nominal
CFG-00028,DEV-007,Restart Delay,60,s,60,5,300,2025-06-25T16:00:00-05:00,ENG-104,Nominal
CFG-00029,DEV-007,Communication Timeout,30,s,30,5,120,2025-06-25T16:00:00-05:00,ENG-104,Nominal
CFG-00030,DEV-007,Temperature Threshold,70,C,70,50,85,2025-06-25T16:00:00-05:00,ENG-104,Nominal
CFG-00031,DEV-008,Communication Timeout,30,s,30,5,120,2025-06-25T16:00:00-05:00,ENG-104,Nominal
CFG-00032,DEV-008,Restart Delay,15,s,15,5,300,2025-06-25T16:00:00-05:00,ENG-104,Nominal
CFG-00033,DEV-009,Max Charge Current,120,A,120,0,150,2025-07-06T16:00:00-05:00,ENG-104,Nominal
CFG-00034,DEV-009,Max Discharge Current,120,A,120,0,150,2025-07-06T16:00:00-05:00,ENG-104,Nominal
CFG-00035,DEV-009,Temperature Threshold,60,C,60,45,70,2025-07-06T16:00:00-05:00,ENG-104,Nominal
CFG-00036,DEV-009,SOC Minimum,10,%,10,5,20,2025-07-06T16:00:00-05:00,ENG-104,Nominal
CFG-00037,DEV-009,SOC Maximum,95,%,95,80,100,2025-07-06T16:00:00-05:00,ENG-104,Nominal
CFG-00038,DEV-009,Restart Delay,30,s,30,5,300,2025-07-06T16:00:00-05:00,ENG-104,Nominal
CFG-00039,DEV-009,Communication Timeout,30,s,30,5,120,2025-07-06T16:00:00-05:00,ENG-104,Nominal
CFG-00040,DEV-010,Grid Voltage Limit,504,V,504,450,530,2025-07-06T16:00:00-05:00,ENG-104,Nominal
CFG-00041,DEV-010,Grid Frequency Limit,0.5,Hz,0.5,0.2,1.0,2025-07-06T16:00:00-05:00,ENG-104,Nominal
CFG-00042,DEV-010,Inverter Power Limit,90,kW,90,10,90,2025-07-06T16:00:00-05:00,ENG-104,Nominal
CFG-00043,DEV-010,Restart Delay,60,s,60,5,300,2025-07-06T16:00:00-05:00,ENG-104,Nominal
CFG-00044,DEV-010,Communication Timeout,30,s,30,5,120,2025-07-06T16:00:00-05:00,ENG-104,Nominal
CFG-00045,DEV-010,Temperature Threshold,70,C,70,50,85,2025-07-06T16:00:00-05:00,ENG-104,Nominal
CFG-00046,DEV-011,Communication Timeout,30,s,30,5,120,2025-07-06T16:00:00-05:00,ENG-104,Nominal
CFG-00047,DEV-011,Restart Delay,15,s,15,5,300,2025-07-06T16:00:00-05:00,ENG-104,Nominal
CFG-00048,DEV-012,Max Charge Current,120,A,120,0,150,2025-07-17T16:00:00-05:00,ENG-104,Nominal
CFG-00049,DEV-012,Max Discharge Current,120,A,120,0,150,2025-07-17T16:00:00-05:00,ENG-104,Nominal
CFG-00050,DEV-012,Temperature Threshold,60,C,60,45,70,2025-07-17T16:00:00-05:00,ENG-104,Nominal
CFG-00051,DEV-012,SOC Minimum,10,%,10,5,20,2025-07-17T16:00:00-05:00,ENG-104,Nominal
CFG-00052,DEV-012,SOC Maximum,95,%,95,80,100,2025-07-17T16:00:00-05:00,ENG-104,Nominal
CFG-00053,DEV-012,Restart Delay,30,s,30,5,300,2025-07-17T16:00:00-05:00,ENG-104,Nominal
CFG-00054,DEV-012,Communication Timeout,30,s,30,5,120,2025-07-17T16:00:00-05:00,ENG-104,Nominal
CFG-00055,DEV-013,Grid Voltage Limit,492,V,504,450,530,2026-09-12T15:10:00-05:00,TECH-210,Mismatch
CFG-00056,DEV-013,Grid Frequency Limit,0.5,Hz,0.5,0.2,1.0,2025-07-17T16:00:00-05:00,ENG-104,Nominal
CFG-00057,DEV-013,Inverter Power Limit,90,kW,90,10,90,2025-07-17T16:00:00-05:00,ENG-104,Nominal
CFG-00058,DEV-013,Restart Delay,60,s,60,5,300,2025-07-17T16:00:00-05:00,ENG-104,Nominal
CFG-00059,DEV-013,Communication Timeout,30,s,30,5,120,2025-07-17T16:00:00-05:00,ENG-104,Nominal
CFG-00060,DEV-013,Temperature Threshold,70,C,70,50,85,2025-07-17T16:00:00-05:00,ENG-104,Nominal
CFG-00061,DEV-014,Communication Timeout,8,s,30,5,120,2026-09-11T08:40:00-05:00,TECH-214,Mismatch
CFG-00062,DEV-014,Restart Delay,15,s,15,5,300,2025-07-17T16:00:00-05:00,ENG-104,Nominal
CFG-00063,DEV-015,Max Charge Current,120,A,120,0,150,2025-07-28T16:00:00-05:00,ENG-104,Nominal
CFG-00064,DEV-015,Max Discharge Current,120,A,120,0,150,2025-07-28T16:00:00-05:00,ENG-104,Nominal
CFG-00065,DEV-015,Temperature Threshold,60,C,60,45,70,2025-07-28T16:00:00-05:00,ENG-104,Nominal
CFG-00066,DEV-015,SOC Minimum,10,%,10,5,20,2025-07-28T16:00:00-05:00,ENG-104,Nominal
CFG-00067,DEV-015,SOC Maximum,95,%,95,80,100,2025-07-28T16:00:00-05:00,ENG-104,Nominal
CFG-00068,DEV-015,Restart Delay,30,s,30,5,300,2025-07-28T16:00:00-05:00,ENG-104,Nominal
CFG-00069,DEV-015,Communication Timeout,30,s,30,5,120,2025-07-28T16:00:00-05:00,ENG-104,Nominal
CFG-00070,DEV-016,Grid Voltage Limit,504,V,504,450,530,2025-07-28T16:00:00-05:00,ENG-104,Nominal
CFG-00071,DEV-016,Grid Frequency Limit,0.5,Hz,0.5,0.2,1.0,2025-07-28T16:00:00-05:00,ENG-104,Nominal
CFG-00072,DEV-016,Inverter Power Limit,90,kW,90,10,90,2025-07-28T16:00:00-05:00,ENG-104,Nominal
CFG-00073,DEV-016,Restart Delay,60,s,60,5,300,2025-07-28T16:00:00-05:00,ENG-104,Nominal
CFG-00074,DEV-016,Communication Timeout,30,s,30,5,120,2025-07-28T16:00:00-05:00,ENG-104,Nominal
CFG-00075,DEV-016,Temperature Threshold,70,C,70,50,85,2025-07-28T16:00:00-05:00,ENG-104,Nominal
CFG-00076,DEV-017,Communication Timeout,30,s,30,5,120,2025-07-28T16:00:00-05:00,ENG-104,Nominal
CFG-00077,DEV-017,Restart Delay,15,s,15,5,300,2025-07-28T16:00:00-05:00,ENG-104,Nominal
CFG-00078,DEV-018,Max Charge Current,120,A,120,0,150,2025-08-08T16:00:00-05:00,ENG-104,Nominal
CFG-00079,DEV-018,Max Discharge Current,120,A,120,0,150,2025-08-08T16:00:00-05:00,ENG-104,Nominal
CFG-00080,DEV-018,Temperature Threshold,60,C,60,45,70,2025-08-08T16:00:00-05:00,ENG-104,Nominal
CFG-00081,DEV-018,SOC Minimum,10,%,10,5,20,2025-08-08T16:00:00-05:00,ENG-104,Nominal
CFG-00082,DEV-018,SOC Maximum,95,%,95,80,100,2025-08-08T16:00:00-05:00,ENG-104,Nominal
CFG-00083,DEV-018,Restart Delay,30,s,30,5,300,2025-08-08T16:00:00-05:00,ENG-104,Nominal
CFG-00084,DEV-018,Communication Timeout,30,s,30,5,120,2025-08-08T16:00:00-05:00,ENG-104,Nominal
CFG-00085,DEV-019,Grid Voltage Limit,504,V,504,450,530,2025-08-08T16:00:00-05:00,ENG-104,Nominal
CFG-00086,DEV-019,Grid Frequency Limit,0.5,Hz,0.5,0.2,1.0,2025-08-08T16:00:00-05:00,ENG-104,Nominal
CFG-00087,DEV-019,Inverter Power Limit,75,kW,90,10,90,2026-08-12T09:30:00-05:00,TECH-214,Mismatch
CFG-00088,DEV-019,Inverter Power Limit,90,kW,90,10,90,2026-09-18T10:00:00-05:00,ENG-110,Nominal
CFG-00089,DEV-019,Restart Delay,60,s,60,5,300,2025-08-08T16:00:00-05:00,ENG-104,Nominal
CFG-00090,DEV-019,Communication Timeout,30,s,30,5,120,2025-08-08T16:00:00-05:00,ENG-104,Nominal
CFG-00091,DEV-019,Temperature Threshold,70,C,70,50,85,2025-08-08T16:00:00-05:00,ENG-104,Nominal
CFG-00092,DEV-020,Communication Timeout,30,s,30,5,120,2025-08-08T16:00:00-05:00,ENG-104,Nominal
CFG-00093,DEV-020,Restart Delay,15,s,15,5,300,2025-08-08T16:00:00-05:00,ENG-104,Nominal
CFG-00094,DEV-021,Temperature Threshold,60,C,60,45,70,2025-08-08T16:00:00-05:00,ENG-104,Nominal
CFG-00095,DEV-022,Temperature Threshold,60,C,60,45,70,2025-08-08T16:00:00-05:00,ENG-104,Nominal
CFG-00096,DEV-023,Max Charge Current,120,A,120,0,150,2025-08-19T16:00:00-05:00,ENG-104,Nominal
CFG-00097,DEV-023,Max Discharge Current,120,A,120,0,150,2025-08-19T16:00:00-05:00,ENG-104,Nominal
CFG-00098,DEV-023,Temperature Threshold,60,C,60,45,70,2025-08-19T16:00:00-05:00,ENG-104,Nominal
CFG-00099,DEV-023,SOC Minimum,10,%,10,5,20,2025-08-19T16:00:00-05:00,ENG-104,Nominal
CFG-00100,DEV-023,SOC Maximum,95,%,95,80,100,2025-08-19T16:00:00-05:00,ENG-104,Nominal
CFG-00101,DEV-023,Restart Delay,30,s,30,5,300,2025-08-19T16:00:00-05:00,ENG-104,Nominal
CFG-00102,DEV-023,Communication Timeout,30,s,30,5,120,2025-08-19T16:00:00-05:00,ENG-104,Nominal
CFG-00103,DEV-024,Grid Voltage Limit,504,V,504,450,530,2025-08-19T16:00:00-05:00,ENG-104,Nominal
CFG-00104,DEV-024,Grid Frequency Limit,0.5,Hz,0.5,0.2,1.0,2025-08-19T16:00:00-05:00,ENG-104,Nominal
CFG-00105,DEV-024,Inverter Power Limit,90,kW,90,10,90,2025-08-19T16:00:00-05:00,ENG-104,Nominal
CFG-00106,DEV-024,Restart Delay,60,s,60,5,300,2025-08-19T16:00:00-05:00,ENG-104,Nominal
CFG-00107,DEV-024,Communication Timeout,30,s,30,5,120,2025-08-19T16:00:00-05:00,ENG-104,Nominal
CFG-00108,DEV-024,Temperature Threshold,70,C,70,50,85,2025-08-19T16:00:00-05:00,ENG-104,Nominal
CFG-00109,DEV-025,Communication Timeout,30,s,30,5,120,2025-08-19T16:00:00-05:00,ENG-104,Nominal
CFG-00110,DEV-025,Restart Delay,15,s,15,5,300,2025-08-19T16:00:00-05:00,ENG-104,Nominal
CFG-00111,DEV-026,Max Charge Current,120,A,120,0,150,2025-08-30T16:00:00-05:00,ENG-104,Nominal
CFG-00112,DEV-026,Max Discharge Current,120,A,120,0,150,2025-08-30T16:00:00-05:00,ENG-104,Nominal
CFG-00113,DEV-026,Temperature Threshold,60,C,60,45,70,2025-08-30T16:00:00-05:00,ENG-104,Nominal
CFG-00114,DEV-026,SOC Minimum,10,%,10,5,20,2025-08-30T16:00:00-05:00,ENG-104,Nominal
CFG-00115,DEV-026,SOC Maximum,95,%,95,80,100,2025-08-30T16:00:00-05:00,ENG-104,Nominal
CFG-00116,DEV-026,Restart Delay,30,s,30,5,300,2025-08-30T16:00:00-05:00,ENG-104,Nominal
CFG-00117,DEV-026,Communication Timeout,30,s,30,5,120,2025-08-30T16:00:00-05:00,ENG-104,Nominal
CFG-00118,DEV-027,Grid Voltage Limit,504,V,504,450,530,2025-08-30T16:00:00-05:00,ENG-104,Nominal
CFG-00119,DEV-027,Grid Frequency Limit,0.5,Hz,0.5,0.2,1.0,2025-08-30T16:00:00-05:00,ENG-104,Nominal
CFG-00120,DEV-027,Inverter Power Limit,90,kW,90,10,90,2025-08-30T16:00:00-05:00,ENG-104,Nominal
CFG-00121,DEV-027,Restart Delay,60,s,60,5,300,2025-08-30T16:00:00-05:00,ENG-104,Nominal
CFG-00122,DEV-027,Communication Timeout,30,s,30,5,120,2025-08-30T16:00:00-05:00,ENG-104,Nominal
CFG-00123,DEV-027,Temperature Threshold,70,C,70,50,85,2025-08-30T16:00:00-05:00,ENG-104,Nominal
CFG-00124,DEV-028,Communication Timeout,30,s,30,5,120,2025-08-30T16:00:00-05:00,ENG-104,Nominal
CFG-00125,DEV-028,Restart Delay,15,s,15,5,300,2025-08-30T16:00:00-05:00,ENG-104,Nominal
CFG-00126,DEV-029,Temperature Threshold,60,C,60,45,70,2025-08-30T16:00:00-05:00,ENG-104,Nominal
CFG-00127,DEV-030,Temperature Threshold,60,C,60,45,70,2025-08-30T16:00:00-05:00,ENG-104,Nominal
CFG-00128,DEV-031,Max Charge Current,120,A,120,0,150,2025-09-10T16:00:00-05:00,ENG-104,Nominal
CFG-00129,DEV-031,Max Discharge Current,120,A,120,0,150,2025-09-10T16:00:00-05:00,ENG-104,Nominal
CFG-00130,DEV-031,Temperature Threshold,60,C,60,45,70,2025-09-10T16:00:00-05:00,ENG-104,Nominal
CFG-00131,DEV-031,SOC Minimum,10,%,10,5,20,2025-09-10T16:00:00-05:00,ENG-104,Nominal
CFG-00132,DEV-031,SOC Maximum,95,%,95,80,100,2025-09-10T16:00:00-05:00,ENG-104,Nominal
CFG-00133,DEV-031,Restart Delay,30,s,30,5,300,2025-09-10T16:00:00-05:00,ENG-104,Nominal
CFG-00134,DEV-031,Communication Timeout,30,s,30,5,120,2025-09-10T16:00:00-05:00,ENG-104,Nominal
CFG-00135,DEV-032,Grid Voltage Limit,504,V,504,450,530,2025-09-10T16:00:00-05:00,ENG-104,Nominal
CFG-00136,DEV-032,Grid Frequency Limit,0.5,Hz,0.5,0.2,1.0,2025-09-10T16:00:00-05:00,ENG-104,Nominal
CFG-00137,DEV-032,Inverter Power Limit,90,kW,90,10,90,2025-09-10T16:00:00-05:00,ENG-104,Nominal
CFG-00138,DEV-032,Restart Delay,60,s,60,5,300,2025-09-10T16:00:00-05:00,ENG-104,Nominal
CFG-00139,DEV-032,Communication Timeout,30,s,30,5,120,2025-09-10T16:00:00-05:00,ENG-104,Nominal
CFG-00140,DEV-032,Temperature Threshold,70,C,70,50,85,2025-09-10T16:00:00-05:00,ENG-104,Nominal
CFG-00141,DEV-033,Communication Timeout,30,s,30,5,120,2025-09-10T16:00:00-05:00,ENG-104,Nominal
CFG-00142,DEV-033,Restart Delay,15,s,15,5,300,2025-09-10T16:00:00-05:00,ENG-104,Nominal
CFG-00143,DEV-034,Max Charge Current,120,A,120,0,150,2025-09-21T16:00:00-05:00,ENG-104,Nominal
CFG-00144,DEV-034,Max Discharge Current,120,A,120,0,150,2025-09-21T16:00:00-05:00,ENG-104,Nominal
CFG-00145,DEV-034,Temperature Threshold,60,C,60,45,70,2025-09-21T16:00:00-05:00,ENG-104,Nominal
CFG-00146,DEV-034,SOC Minimum,10,%,10,5,20,2025-09-21T16:00:00-05:00,ENG-104,Nominal
CFG-00147,DEV-034,SOC Maximum,95,%,95,80,100,2025-09-21T16:00:00-05:00,ENG-104,Nominal
CFG-00148,DEV-034,Restart Delay,30,s,30,5,300,2025-09-21T16:00:00-05:00,ENG-104,Nominal
CFG-00149,DEV-034,Communication Timeout,30,s,30,5,120,2025-09-21T16:00:00-05:00,ENG-104,Nominal
CFG-00150,DEV-035,Grid Voltage Limit,504,V,504,450,530,2025-09-21T16:00:00-05:00,ENG-104,Nominal
CFG-00151,DEV-035,Grid Frequency Limit,0.5,Hz,0.5,0.2,1.0,2025-09-21T16:00:00-05:00,ENG-104,Nominal
CFG-00152,DEV-035,Inverter Power Limit,90,kW,90,10,90,2025-09-21T16:00:00-05:00,ENG-104,Nominal
CFG-00153,DEV-035,Restart Delay,60,s,60,5,300,2025-09-21T16:00:00-05:00,ENG-104,Nominal
CFG-00154,DEV-035,Communication Timeout,30,s,30,5,120,2025-09-21T16:00:00-05:00,ENG-104,Nominal
CFG-00155,DEV-035,Temperature Threshold,70,C,70,50,85,2025-09-21T16:00:00-05:00,ENG-104,Nominal
CFG-00156,DEV-036,Communication Timeout,30,s,30,5,120,2025-09-21T16:00:00-05:00,ENG-104,Nominal
CFG-00157,DEV-036,Restart Delay,15,s,15,5,300,2025-09-21T16:00:00-05:00,ENG-104,Nominal
CFG-00158,DEV-037,Max Charge Current,120,A,120,0,150,2025-10-02T16:00:00-05:00,ENG-104,Nominal
CFG-00159,DEV-037,Max Discharge Current,120,A,120,0,150,2025-10-02T16:00:00-05:00,ENG-104,Nominal
CFG-00160,DEV-037,Temperature Threshold,60,C,60,45,70,2025-10-02T16:00:00-05:00,ENG-104,Nominal
CFG-00161,DEV-037,SOC Minimum,10,%,10,5,20,2025-10-02T16:00:00-05:00,ENG-104,Nominal
CFG-00162,DEV-037,SOC Maximum,95,%,95,80,100,2025-10-02T16:00:00-05:00,ENG-104,Nominal
CFG-00163,DEV-037,Restart Delay,30,s,30,5,300,2025-10-02T16:00:00-05:00,ENG-104,Nominal
CFG-00164,DEV-037,Communication Timeout,30,s,30,5,120,2025-10-02T16:00:00-05:00,ENG-104,Nominal
CFG-00165,DEV-038,Grid Voltage Limit,504,V,504,450,530,2025-10-02T16:00:00-05:00,ENG-104,Nominal
CFG-00166,DEV-038,Grid Frequency Limit,0.5,Hz,0.5,0.2,1.0,2025-10-02T16:00:00-05:00,ENG-104,Nominal
CFG-00167,DEV-038,Inverter Power Limit,90,kW,90,10,90,2025-10-02T16:00:00-05:00,ENG-104,Nominal
CFG-00168,DEV-038,Restart Delay,60,s,60,5,300,2025-10-02T16:00:00-05:00,ENG-104,Nominal
CFG-00169,DEV-038,Communication Timeout,30,s,30,5,120,2025-10-02T16:00:00-05:00,ENG-104,Nominal
CFG-00170,DEV-038,Temperature Threshold,70,C,70,50,85,2025-10-02T16:00:00-05:00,ENG-104,Nominal
CFG-00171,DEV-039,Communication Timeout,30,s,30,5,120,2025-10-02T16:00:00-05:00,ENG-104,Nominal
CFG-00172,DEV-039,Restart Delay,15,s,15,5,300,2025-10-02T16:00:00-05:00,ENG-104,Nominal
CFG-00173,DEV-040,Temperature Threshold,60,C,60,45,70,2025-10-02T16:00:00-05:00,ENG-104,Nominal
CFG-00174,DEV-041,Temperature Threshold,60,C,60,45,70,2025-10-02T16:00:00-05:00,ENG-104,Nominal
CFG-00175,DEV-042,Max Charge Current,120,A,120,0,150,2025-10-13T16:00:00-05:00,ENG-104,Nominal
CFG-00176,DEV-042,Max Discharge Current,120,A,120,0,150,2025-10-13T16:00:00-05:00,ENG-104,Nominal
CFG-00177,DEV-042,Temperature Threshold,60,C,60,45,70,2025-10-13T16:00:00-05:00,ENG-104,Nominal
CFG-00178,DEV-042,SOC Minimum,10,%,10,5,20,2025-10-13T16:00:00-05:00,ENG-104,Nominal
CFG-00179,DEV-042,SOC Maximum,95,%,95,80,100,2025-10-13T16:00:00-05:00,ENG-104,Nominal
CFG-00180,DEV-042,Restart Delay,30,s,30,5,300,2025-10-13T16:00:00-05:00,ENG-104,Nominal
CFG-00181,DEV-042,Communication Timeout,30,s,30,5,120,2025-10-13T16:00:00-05:00,ENG-104,Nominal
CFG-00182,DEV-043,Grid Voltage Limit,504,V,504,450,530,2025-10-13T16:00:00-05:00,ENG-104,Nominal
CFG-00183,DEV-043,Grid Frequency Limit,0.5,Hz,0.5,0.2,1.0,2025-10-13T16:00:00-05:00,ENG-104,Nominal
CFG-00184,DEV-043,Inverter Power Limit,90,kW,90,10,90,2025-10-13T16:00:00-05:00,ENG-104,Nominal
CFG-00185,DEV-043,Restart Delay,60,s,60,5,300,2025-10-13T16:00:00-05:00,ENG-104,Nominal
CFG-00186,DEV-043,Communication Timeout,30,s,30,5,120,2025-10-13T16:00:00-05:00,ENG-104,Nominal
CFG-00187,DEV-043,Temperature Threshold,70,C,70,50,85,2025-10-13T16:00:00-05:00,ENG-104,Nominal
CFG-00188,DEV-044,Communication Timeout,30,s,30,5,120,2025-10-13T16:00:00-05:00,ENG-104,Nominal
CFG-00189,DEV-044,Restart Delay,15,s,15,5,300,2025-10-13T16:00:00-05:00,ENG-104,Nominal
CFG-00190,DEV-045,Max Charge Current,120,A,120,0,150,2025-10-24T16:00:00-05:00,ENG-104,Nominal
CFG-00191,DEV-045,Max Discharge Current,120,A,120,0,150,2025-10-24T16:00:00-05:00,ENG-104,Nominal
CFG-00192,DEV-045,Temperature Threshold,60,C,60,45,70,2025-10-24T16:00:00-05:00,ENG-104,Nominal
CFG-00193,DEV-045,SOC Minimum,10,%,10,5,20,2025-10-24T16:00:00-05:00,ENG-104,Nominal
CFG-00194,DEV-045,SOC Maximum,95,%,95,80,100,2025-10-24T16:00:00-05:00,ENG-104,Nominal
CFG-00195,DEV-045,Restart Delay,30,s,30,5,300,2025-10-24T16:00:00-05:00,ENG-104,Nominal
CFG-00196,DEV-045,Communication Timeout,30,s,30,5,120,2025-10-24T16:00:00-05:00,ENG-104,Nominal
CFG-00197,DEV-046,Grid Voltage Limit,504,V,504,450,530,2025-10-24T16:00:00-05:00,ENG-104,Nominal
CFG-00198,DEV-046,Grid Frequency Limit,0.5,Hz,0.5,0.2,1.0,2025-10-24T16:00:00-05:00,ENG-104,Nominal
CFG-00199,DEV-046,Inverter Power Limit,90,kW,90,10,90,2025-10-24T16:00:00-05:00,ENG-104,Nominal
CFG-00200,DEV-046,Restart Delay,60,s,60,5,300,2025-10-24T16:00:00-05:00,ENG-104,Nominal
CFG-00201,DEV-046,Communication Timeout,30,s,30,5,120,2025-10-24T16:00:00-05:00,ENG-104,Nominal
CFG-00202,DEV-046,Temperature Threshold,70,C,70,50,85,2025-10-24T16:00:00-05:00,ENG-104,Nominal
CFG-00203,DEV-047,Communication Timeout,30,s,30,5,120,2025-10-24T16:00:00-05:00,ENG-104,Nominal
CFG-00204,DEV-047,Restart Delay,15,s,15,5,300,2025-10-24T16:00:00-05:00,ENG-104,Nominal
CFG-00205,DEV-048,Max Charge Current,120,A,120,0,150,2025-11-04T16:00:00-06:00,ENG-104,Nominal
CFG-00206,DEV-048,Max Discharge Current,120,A,120,0,150,2025-11-04T16:00:00-06:00,ENG-104,Nominal
CFG-00207,DEV-048,Temperature Threshold,60,C,60,45,70,2025-11-04T16:00:00-06:00,ENG-104,Nominal
CFG-00208,DEV-048,SOC Minimum,10,%,10,5,20,2025-11-04T16:00:00-06:00,ENG-104,Nominal
CFG-00209,DEV-048,SOC Maximum,95,%,95,80,100,2025-11-04T16:00:00-06:00,ENG-104,Nominal
CFG-00210,DEV-048,Restart Delay,30,s,30,5,300,2025-11-04T16:00:00-06:00,ENG-104,Nominal
CFG-00211,DEV-048,Communication Timeout,30,s,30,5,120,2025-11-04T16:00:00-06:00,ENG-104,Nominal
CFG-00212,DEV-049,Grid Voltage Limit,504,V,504,450,530,2025-11-04T16:00:00-06:00,ENG-104,Nominal
CFG-00213,DEV-049,Grid Frequency Limit,0.5,Hz,0.5,0.2,1.0,2025-11-04T16:00:00-06:00,ENG-104,Nominal
CFG-00214,DEV-049,Inverter Power Limit,90,kW,90,10,90,2025-11-04T16:00:00-06:00,ENG-104,Nominal
CFG-00215,DEV-049,Restart Delay,60,s,60,5,300,2025-11-04T16:00:00-06:00,ENG-104,Nominal
CFG-00216,DEV-049,Communication Timeout,30,s,30,5,120,2025-11-04T16:00:00-06:00,ENG-104,Nominal
CFG-00217,DEV-049,Temperature Threshold,70,C,70,50,85,2025-11-04T16:00:00-06:00,ENG-104,Nominal
CFG-00218,DEV-050,Communication Timeout,30,s,30,5,120,2025-11-04T16:00:00-06:00,ENG-104,Nominal
CFG-00219,DEV-050,Restart Delay,15,s,15,5,300,2025-11-04T16:00:00-06:00,ENG-104,Nominal
CFG-00220,DEV-051,Max Charge Current,120,A,120,0,150,2025-11-15T16:00:00-06:00,ENG-104,Nominal
CFG-00221,DEV-051,Max Discharge Current,120,A,120,0,150,2025-11-15T16:00:00-06:00,ENG-104,Nominal
CFG-00222,DEV-051,Temperature Threshold,60,C,60,45,70,2025-11-15T16:00:00-06:00,ENG-104,Nominal
CFG-00223,DEV-051,SOC Minimum,10,%,10,5,20,2025-11-15T16:00:00-06:00,ENG-104,Nominal
CFG-00224,DEV-051,SOC Maximum,95,%,95,80,100,2025-11-15T16:00:00-06:00,ENG-104,Nominal
CFG-00225,DEV-051,Restart Delay,30,s,30,5,300,2025-11-15T16:00:00-06:00,ENG-104,Nominal
CFG-00226,DEV-051,Communication Timeout,30,s,30,5,120,2025-11-15T16:00:00-06:00,ENG-104,Nominal
CFG-00227,DEV-052,Grid Voltage Limit,504,V,504,450,530,2025-11-15T16:00:00-06:00,ENG-104,Nominal
CFG-00228,DEV-052,Grid Frequency Limit,0.5,Hz,0.5,0.2,1.0,2025-11-15T16:00:00-06:00,ENG-104,Nominal
CFG-00229,DEV-052,Inverter Power Limit,90,kW,90,10,90,2025-11-15T16:00:00-06:00,ENG-104,Nominal
CFG-00230,DEV-052,Restart Delay,60,s,60,5,300,2025-11-15T16:00:00-06:00,ENG-104,Nominal
CFG-00231,DEV-052,Communication Timeout,30,s,30,5,120,2025-11-15T16:00:00-06:00,ENG-104,Nominal
CFG-00232,DEV-052,Temperature Threshold,70,C,70,50,85,2025-11-15T16:00:00-06:00,ENG-104,Nominal
CFG-00233,DEV-053,Communication Timeout,30,s,30,5,120,2025-11-15T16:00:00-06:00,ENG-104,Nominal
CFG-00234,DEV-053,Restart Delay,15,s,15,5,300,2025-11-15T16:00:00-06:00,ENG-104,Nominal
CFG-00235,DEV-054,Max Charge Current,120,A,120,0,150,2025-11-26T16:00:00-06:00,ENG-104,Nominal
CFG-00236,DEV-054,Max Discharge Current,120,A,120,0,150,2025-11-26T16:00:00-06:00,ENG-104,Nominal
CFG-00237,DEV-054,Temperature Threshold,60,C,60,45,70,2025-11-26T16:00:00-06:00,ENG-104,Nominal
CFG-00238,DEV-054,SOC Minimum,10,%,10,5,20,2025-11-26T16:00:00-06:00,ENG-104,Nominal
CFG-00239,DEV-054,SOC Maximum,95,%,95,80,100,2025-11-26T16:00:00-06:00,ENG-104,Nominal
CFG-00240,DEV-054,Restart Delay,30,s,30,5,300,2025-11-26T16:00:00-06:00,ENG-104,Nominal
CFG-00241,DEV-054,Communication Timeout,30,s,30,5,120,2025-11-26T16:00:00-06:00,ENG-104,Nominal
CFG-00242,DEV-055,Grid Voltage Limit,504,V,504,450,530,2025-11-26T16:00:00-06:00,ENG-104,Nominal
CFG-00243,DEV-055,Grid Frequency Limit,0.5,Hz,0.5,0.2,1.0,2025-11-26T16:00:00-06:00,ENG-104,Nominal
CFG-00244,DEV-055,Inverter Power Limit,90,kW,90,10,90,2025-11-26T16:00:00-06:00,ENG-104,Nominal
CFG-00245,DEV-055,Restart Delay,60,s,60,5,300,2025-11-26T16:00:00-06:00,ENG-104,Nominal
CFG-00246,DEV-055,Communication Timeout,30,s,30,5,120,2025-11-26T16:00:00-06:00,ENG-104,Nominal
CFG-00247,DEV-055,Temperature Threshold,70,C,70,50,85,2025-11-26T16:00:00-06:00,ENG-104,Nominal
CFG-00248,DEV-056,Communication Timeout,30,s,30,5,120,2025-11-26T16:00:00-06:00,ENG-104,Nominal
CFG-00249,DEV-056,Restart Delay,15,s,15,5,300,2025-11-26T16:00:00-06:00,ENG-104,Nominal
CFG-00250,DEV-057,Temperature Threshold,60,C,60,45,70,2025-11-26T16:00:00-06:00,ENG-104,Nominal
CFG-00251,DEV-058,Temperature Threshold,60,C,60,45,70,2025-11-26T16:00:00-06:00,ENG-104,Nominal
CFG-00252,DEV-059,Max Charge Current,120,A,120,0,150,2025-12-07T16:00:00-06:00,ENG-104,Nominal
CFG-00253,DEV-059,Max Discharge Current,120,A,120,0,150,2025-12-07T16:00:00-06:00,ENG-104,Nominal
CFG-00254,DEV-059,Temperature Threshold,60,C,60,45,70,2025-12-07T16:00:00-06:00,ENG-104,Nominal
CFG-00255,DEV-059,SOC Minimum,10,%,10,5,20,2025-12-07T16:00:00-06:00,ENG-104,Nominal
CFG-00256,DEV-059,SOC Maximum,95,%,95,80,100,2025-12-07T16:00:00-06:00,ENG-104,Nominal
CFG-00257,DEV-059,Restart Delay,30,s,30,5,300,2025-12-07T16:00:00-06:00,ENG-104,Nominal
CFG-00258,DEV-059,Communication Timeout,30,s,30,5,120,2025-12-07T16:00:00-06:00,ENG-104,Nominal
CFG-00259,DEV-060,Grid Voltage Limit,504,V,504,450,530,2025-12-07T16:00:00-06:00,ENG-104,Nominal
CFG-00260,DEV-060,Grid Frequency Limit,0.5,Hz,0.5,0.2,1.0,2025-12-07T16:00:00-06:00,ENG-104,Nominal
CFG-00261,DEV-060,Inverter Power Limit,90,kW,90,10,90,2025-12-07T16:00:00-06:00,ENG-104,Nominal
CFG-00262,DEV-060,Restart Delay,60,s,60,5,300,2025-12-07T16:00:00-06:00,ENG-104,Nominal
CFG-00263,DEV-060,Communication Timeout,30,s,30,5,120,2025-12-07T16:00:00-06:00,ENG-104,Nominal
CFG-00264,DEV-060,Temperature Threshold,70,C,70,50,85,2025-12-07T16:00:00-06:00,ENG-104,Nominal
CFG-00265,DEV-061,Communication Timeout,30,s,30,5,120,2025-12-07T16:00:00-06:00,ENG-104,Nominal
CFG-00266,DEV-061,Restart Delay,15,s,15,5,300,2025-12-07T16:00:00-06:00,ENG-104,Nominal
CFG-00267,DEV-062,Max Charge Current,120,A,120,0,150,2025-12-18T16:00:00-06:00,ENG-104,Nominal
CFG-00268,DEV-062,Max Discharge Current,120,A,120,0,150,2025-12-18T16:00:00-06:00,ENG-104,Nominal
CFG-00269,DEV-062,Temperature Threshold,60,C,60,45,70,2025-12-18T16:00:00-06:00,ENG-104,Nominal
CFG-00270,DEV-062,SOC Minimum,10,%,10,5,20,2025-12-18T16:00:00-06:00,ENG-104,Nominal
CFG-00271,DEV-062,SOC Maximum,95,%,95,80,100,2025-12-18T16:00:00-06:00,ENG-104,Nominal
CFG-00272,DEV-062,Restart Delay,30,s,30,5,300,2025-12-18T16:00:00-06:00,ENG-104,Nominal
CFG-00273,DEV-062,Communication Timeout,30,s,30,5,120,2025-12-18T16:00:00-06:00,ENG-104,Nominal
CFG-00274,DEV-063,Grid Voltage Limit,504,V,504,450,530,2025-12-18T16:00:00-06:00,ENG-104,Nominal
CFG-00275,DEV-063,Grid Frequency Limit,0.5,Hz,0.5,0.2,1.0,2025-12-18T16:00:00-06:00,ENG-104,Nominal
CFG-00276,DEV-063,Inverter Power Limit,90,kW,90,10,90,2025-12-18T16:00:00-06:00,ENG-104,Nominal
CFG-00277,DEV-063,Restart Delay,60,s,60,5,300,2025-12-18T16:00:00-06:00,ENG-104,Nominal
CFG-00278,DEV-063,Communication Timeout,30,s,30,5,120,2025-12-18T16:00:00-06:00,ENG-104,Nominal
CFG-00279,DEV-063,Temperature Threshold,70,C,70,50,85,2025-12-18T16:00:00-06:00,ENG-104,Nominal
CFG-00280,DEV-064,Communication Timeout,30,s,30,5,120,2025-12-18T16:00:00-06:00,ENG-104,Nominal
CFG-00281,DEV-064,Restart Delay,15,s,15,5,300,2025-12-18T16:00:00-06:00,ENG-104,Nominal
CFG-00282,DEV-065,Max Charge Current,120,A,120,0,150,2025-12-29T16:00:00-06:00,ENG-104,Nominal
CFG-00283,DEV-065,Max Discharge Current,120,A,120,0,150,2025-12-29T16:00:00-06:00,ENG-104,Nominal
CFG-00284,DEV-065,Temperature Threshold,60,C,60,45,70,2025-12-29T16:00:00-06:00,ENG-104,Nominal
CFG-00285,DEV-065,SOC Minimum,10,%,10,5,20,2025-12-29T16:00:00-06:00,ENG-104,Nominal
CFG-00286,DEV-065,SOC Maximum,95,%,95,80,100,2025-12-29T16:00:00-06:00,ENG-104,Nominal
CFG-00287,DEV-065,Restart Delay,30,s,30,5,300,2025-12-29T16:00:00-06:00,ENG-104,Nominal
CFG-00288,DEV-065,Communication Timeout,30,s,30,5,120,2025-12-29T16:00:00-06:00,ENG-104,Nominal
CFG-00289,DEV-066,Grid Voltage Limit,504,V,504,450,530,2025-12-29T16:00:00-06:00,ENG-104,Nominal
CFG-00290,DEV-066,Grid Frequency Limit,0.5,Hz,0.5,0.2,1.0,2025-12-29T16:00:00-06:00,ENG-104,Nominal
CFG-00291,DEV-066,Inverter Power Limit,90,kW,90,10,90,2025-12-29T16:00:00-06:00,ENG-104,Nominal
CFG-00292,DEV-066,Restart Delay,60,s,60,5,300,2025-12-29T16:00:00-06:00,ENG-104,Nominal
CFG-00293,DEV-066,Communication Timeout,30,s,30,5,120,2025-12-29T16:00:00-06:00,ENG-104,Nominal
CFG-00294,DEV-066,Temperature Threshold,70,C,70,50,85,2025-12-29T16:00:00-06:00,ENG-104,Nominal
CFG-00295,DEV-067,Communication Timeout,30,s,30,5,120,2025-12-29T16:00:00-06:00,ENG-104,Nominal
CFG-00296,DEV-067,Restart Delay,15,s,15,5,300,2025-12-29T16:00:00-06:00,ENG-104,Nominal
CFG-00297,DEV-068,Temperature Threshold,60,C,60,45,70,2025-12-29T16:00:00-06:00,ENG-104,Nominal
CFG-00298,DEV-069,Temperature Threshold,60,C,60,45,70,2025-12-29T16:00:00-06:00,ENG-104,Nominal
CFG-00299,DEV-070,Max Charge Current,120,A,120,0,150,2025-06-23T16:00:00-05:00,ENG-104,Nominal
CFG-00300,DEV-070,Max Discharge Current,120,A,120,0,150,2025-06-23T16:00:00-05:00,ENG-104,Nominal
CFG-00301,DEV-070,Temperature Threshold,60,C,60,45,70,2025-06-23T16:00:00-05:00,ENG-104,Nominal
CFG-00302,DEV-070,SOC Minimum,10,%,10,5,20,2025-06-23T16:00:00-05:00,ENG-104,Nominal
CFG-00303,DEV-070,SOC Maximum,95,%,95,80,100,2025-06-23T16:00:00-05:00,ENG-104,Nominal
CFG-00304,DEV-070,Restart Delay,30,s,30,5,300,2025-06-23T16:00:00-05:00,ENG-104,Nominal
CFG-00305,DEV-070,Communication Timeout,30,s,30,5,120,2025-06-23T16:00:00-05:00,ENG-104,Nominal
CFG-00306,DEV-071,Max Charge Current,120,A,120,0,150,2025-06-23T16:00:00-05:00,ENG-104,Nominal
CFG-00307,DEV-071,Max Discharge Current,120,A,120,0,150,2025-06-23T16:00:00-05:00,ENG-104,Nominal
CFG-00308,DEV-071,Temperature Threshold,60,C,60,45,70,2025-06-23T16:00:00-05:00,ENG-104,Nominal
CFG-00309,DEV-071,SOC Minimum,10,%,10,5,20,2025-06-23T16:00:00-05:00,ENG-104,Nominal
CFG-00310,DEV-071,SOC Maximum,95,%,95,80,100,2025-06-23T16:00:00-05:00,ENG-104,Nominal
CFG-00311,DEV-071,Restart Delay,30,s,30,5,300,2025-06-23T16:00:00-05:00,ENG-104,Nominal
CFG-00312,DEV-071,Communication Timeout,30,s,30,5,120,2025-06-23T16:00:00-05:00,ENG-104,Nominal
CFG-00313,DEV-072,Grid Voltage Limit,504,V,504,450,530,2025-06-23T16:00:00-05:00,ENG-104,Nominal
CFG-00314,DEV-072,Grid Frequency Limit,0.5,Hz,0.5,0.2,1.0,2025-06-23T16:00:00-05:00,ENG-104,Nominal
CFG-00315,DEV-072,Inverter Power Limit,90,kW,90,10,90,2025-06-23T16:00:00-05:00,ENG-104,Nominal
CFG-00316,DEV-072,Restart Delay,60,s,60,5,300,2025-06-23T16:00:00-05:00,ENG-104,Nominal
CFG-00317,DEV-072,Communication Timeout,30,s,30,5,120,2025-06-23T16:00:00-05:00,ENG-104,Nominal
CFG-00318,DEV-072,Temperature Threshold,70,C,70,50,85,2025-06-23T16:00:00-05:00,ENG-104,Nominal
CFG-00319,DEV-073,Communication Timeout,30,s,30,5,120,2025-06-23T16:00:00-05:00,ENG-104,Nominal
CFG-00320,DEV-073,Restart Delay,15,s,15,5,300,2025-06-23T16:00:00-05:00,ENG-104,Nominal
CFG-00321,DEV-074,Temperature Threshold,60,C,60,45,70,2025-06-23T16:00:00-05:00,ENG-104,Nominal
CFG-00322,DEV-075,Max Charge Current,120,A,120,0,150,2025-07-04T16:00:00-05:00,ENG-104,Nominal
CFG-00323,DEV-075,Max Discharge Current,120,A,120,0,150,2025-07-04T16:00:00-05:00,ENG-104,Nominal
CFG-00324,DEV-075,Temperature Threshold,60,C,60,45,70,2025-07-04T16:00:00-05:00,ENG-104,Nominal
CFG-00325,DEV-075,SOC Minimum,10,%,10,5,20,2025-07-04T16:00:00-05:00,ENG-104,Nominal
CFG-00326,DEV-075,SOC Maximum,95,%,95,80,100,2025-07-04T16:00:00-05:00,ENG-104,Nominal
CFG-00327,DEV-075,Restart Delay,30,s,30,5,300,2025-07-04T16:00:00-05:00,ENG-104,Nominal
CFG-00328,DEV-075,Communication Timeout,30,s,30,5,120,2025-07-04T16:00:00-05:00,ENG-104,Nominal
CFG-00329,DEV-076,Max Charge Current,120,A,120,0,150,2025-07-04T16:00:00-05:00,ENG-104,Nominal
CFG-00330,DEV-076,Max Discharge Current,120,A,120,0,150,2025-07-04T16:00:00-05:00,ENG-104,Nominal
CFG-00331,DEV-076,Temperature Threshold,60,C,60,45,70,2025-07-04T16:00:00-05:00,ENG-104,Nominal
CFG-00332,DEV-076,SOC Minimum,10,%,10,5,20,2025-07-04T16:00:00-05:00,ENG-104,Nominal
CFG-00333,DEV-076,SOC Maximum,95,%,95,80,100,2025-07-04T16:00:00-05:00,ENG-104,Nominal
CFG-00334,DEV-076,Restart Delay,30,s,30,5,300,2025-07-04T16:00:00-05:00,ENG-104,Nominal
CFG-00335,DEV-076,Communication Timeout,30,s,30,5,120,2025-07-04T16:00:00-05:00,ENG-104,Nominal
CFG-00336,DEV-077,Grid Voltage Limit,504,V,504,450,530,2025-07-04T16:00:00-05:00,ENG-104,Nominal
CFG-00337,DEV-077,Grid Frequency Limit,0.5,Hz,0.5,0.2,1.0,2025-07-04T16:00:00-05:00,ENG-104,Nominal
CFG-00338,DEV-077,Inverter Power Limit,90,kW,90,10,90,2025-07-04T16:00:00-05:00,ENG-104,Nominal
CFG-00339,DEV-077,Restart Delay,60,s,60,5,300,2025-07-04T16:00:00-05:00,ENG-104,Nominal
CFG-00340,DEV-077,Communication Timeout,30,s,30,5,120,2025-07-04T16:00:00-05:00,ENG-104,Nominal
CFG-00341,DEV-077,Temperature Threshold,70,C,70,50,85,2025-07-04T16:00:00-05:00,ENG-104,Nominal
CFG-00342,DEV-078,Communication Timeout,30,s,30,5,120,2025-07-04T16:00:00-05:00,ENG-104,Nominal
CFG-00343,DEV-078,Restart Delay,15,s,15,5,300,2025-07-04T16:00:00-05:00,ENG-104,Nominal
CFG-00344,DEV-079,Temperature Threshold,60,C,60,45,70,2025-07-04T16:00:00-05:00,ENG-104,Nominal
CFG-00345,DEV-080,Max Charge Current,120,A,120,0,150,2025-07-15T16:00:00-05:00,ENG-104,Nominal
CFG-00346,DEV-080,Max Discharge Current,120,A,120,0,150,2025-07-15T16:00:00-05:00,ENG-104,Nominal
CFG-00347,DEV-080,Temperature Threshold,60,C,60,45,70,2025-07-15T16:00:00-05:00,ENG-104,Nominal
CFG-00348,DEV-080,SOC Minimum,10,%,10,5,20,2025-07-15T16:00:00-05:00,ENG-104,Nominal
CFG-00349,DEV-080,SOC Maximum,95,%,95,80,100,2025-07-15T16:00:00-05:00,ENG-104,Nominal
CFG-00350,DEV-080,Restart Delay,30,s,30,5,300,2025-07-15T16:00:00-05:00,ENG-104,Nominal
CFG-00351,DEV-080,Communication Timeout,30,s,30,5,120,2025-07-15T16:00:00-05:00,ENG-104,Nominal
CFG-00352,DEV-081,Max Charge Current,120,A,120,0,150,2025-07-15T16:00:00-05:00,ENG-104,Nominal
CFG-00353,DEV-081,Max Discharge Current,120,A,120,0,150,2025-07-15T16:00:00-05:00,ENG-104,Nominal
CFG-00354,DEV-081,Temperature Threshold,60,C,60,45,70,2025-07-15T16:00:00-05:00,ENG-104,Nominal
CFG-00355,DEV-081,SOC Minimum,10,%,10,5,20,2025-07-15T16:00:00-05:00,ENG-104,Nominal
CFG-00356,DEV-081,SOC Maximum,95,%,95,80,100,2025-07-15T16:00:00-05:00,ENG-104,Nominal
CFG-00357,DEV-081,Restart Delay,30,s,30,5,300,2025-07-15T16:00:00-05:00,ENG-104,Nominal
CFG-00358,DEV-081,Communication Timeout,30,s,30,5,120,2025-07-15T16:00:00-05:00,ENG-104,Nominal
CFG-00359,DEV-082,Grid Voltage Limit,504,V,504,450,530,2025-07-15T16:00:00-05:00,ENG-104,Nominal
CFG-00360,DEV-082,Grid Frequency Limit,0.5,Hz,0.5,0.2,1.0,2025-07-15T16:00:00-05:00,ENG-104,Nominal
CFG-00361,DEV-082,Inverter Power Limit,90,kW,90,10,90,2025-07-15T16:00:00-05:00,ENG-104,Nominal
CFG-00362,DEV-082,Restart Delay,60,s,60,5,300,2025-07-15T16:00:00-05:00,ENG-104,Nominal
CFG-00363,DEV-082,Communication Timeout,30,s,30,5,120,2025-07-15T16:00:00-05:00,ENG-104,Nominal
CFG-00364,DEV-082,Temperature Threshold,70,C,70,50,85,2025-07-15T16:00:00-05:00,ENG-104,Nominal
CFG-00365,DEV-083,Communication Timeout,30,s,30,5,120,2025-07-15T16:00:00-05:00,ENG-104,Nominal
CFG-00366,DEV-083,Restart Delay,15,s,15,5,300,2025-07-15T16:00:00-05:00,ENG-104,Nominal
CFG-00367,DEV-084,Temperature Threshold,60,C,60,45,70,2025-07-15T16:00:00-05:00,ENG-104,Nominal
CFG-00368,DEV-085,Max Charge Current,120,A,120,0,150,2025-07-26T16:00:00-05:00,ENG-104,Nominal
CFG-00369,DEV-085,Max Discharge Current,120,A,120,0,150,2025-07-26T16:00:00-05:00,ENG-104,Nominal
CFG-00370,DEV-085,Temperature Threshold,60,C,60,45,70,2025-07-26T16:00:00-05:00,ENG-104,Nominal
CFG-00371,DEV-085,SOC Minimum,10,%,10,5,20,2025-07-26T16:00:00-05:00,ENG-104,Nominal
CFG-00372,DEV-085,SOC Maximum,95,%,95,80,100,2025-07-26T16:00:00-05:00,ENG-104,Nominal
CFG-00373,DEV-085,Restart Delay,30,s,30,5,300,2025-07-26T16:00:00-05:00,ENG-104,Nominal
CFG-00374,DEV-085,Communication Timeout,30,s,30,5,120,2025-07-26T16:00:00-05:00,ENG-104,Nominal
CFG-00375,DEV-086,Max Charge Current,120,A,120,0,150,2025-07-26T16:00:00-05:00,ENG-104,Nominal
CFG-00376,DEV-086,Max Discharge Current,120,A,120,0,150,2025-07-26T16:00:00-05:00,ENG-104,Nominal
CFG-00377,DEV-086,Temperature Threshold,60,C,60,45,70,2025-07-26T16:00:00-05:00,ENG-104,Nominal
CFG-00378,DEV-086,SOC Minimum,10,%,10,5,20,2025-07-26T16:00:00-05:00,ENG-104,Nominal
CFG-00379,DEV-086,SOC Maximum,95,%,95,80,100,2025-07-26T16:00:00-05:00,ENG-104,Nominal
CFG-00380,DEV-086,Restart Delay,30,s,30,5,300,2025-07-26T16:00:00-05:00,ENG-104,Nominal
CFG-00381,DEV-086,Communication Timeout,30,s,30,5,120,2025-07-26T16:00:00-05:00,ENG-104,Nominal
CFG-00382,DEV-087,Grid Voltage Limit,504,V,504,450,530,2025-07-26T16:00:00-05:00,ENG-104,Nominal
CFG-00383,DEV-087,Grid Frequency Limit,0.5,Hz,0.5,0.2,1.0,2025-07-26T16:00:00-05:00,ENG-104,Nominal
CFG-00384,DEV-087,Inverter Power Limit,90,kW,90,10,90,2025-07-26T16:00:00-05:00,ENG-104,Nominal
CFG-00385,DEV-087,Restart Delay,60,s,60,5,300,2025-07-26T16:00:00-05:00,ENG-104,Nominal
CFG-00386,DEV-087,Communication Timeout,30,s,30,5,120,2025-07-26T16:00:00-05:00,ENG-104,Nominal
CFG-00387,DEV-087,Temperature Threshold,70,C,70,50,85,2025-07-26T16:00:00-05:00,ENG-104,Nominal
CFG-00388,DEV-088,Grid Voltage Limit,504,V,504,450,530,2025-07-26T16:00:00-05:00,ENG-104,Nominal
CFG-00389,DEV-088,Grid Frequency Limit,0.5,Hz,0.5,0.2,1.0,2025-07-26T16:00:00-05:00,ENG-104,Nominal
CFG-00390,DEV-088,Inverter Power Limit,90,kW,90,10,90,2025-07-26T16:00:00-05:00,ENG-104,Nominal
CFG-00391,DEV-088,Restart Delay,60,s,60,5,300,2025-07-26T16:00:00-05:00,ENG-104,Nominal
CFG-00392,DEV-088,Communication Timeout,30,s,30,5,120,2025-07-26T16:00:00-05:00,ENG-104,Nominal
CFG-00393,DEV-088,Temperature Threshold,70,C,70,50,85,2025-07-26T16:00:00-05:00,ENG-104,Nominal
CFG-00394,DEV-089,Communication Timeout,30,s,30,5,120,2025-07-26T16:00:00-05:00,ENG-104,Nominal
CFG-00395,DEV-089,Restart Delay,15,s,15,5,300,2025-07-26T16:00:00-05:00,ENG-104,Nominal
CFG-00396,DEV-090,Max Charge Current,120,A,120,0,150,2025-08-06T16:00:00-05:00,ENG-104,Nominal
CFG-00397,DEV-090,Max Discharge Current,120,A,120,0,150,2025-08-06T16:00:00-05:00,ENG-104,Nominal
CFG-00398,DEV-090,Temperature Threshold,60,C,60,45,70,2025-08-06T16:00:00-05:00,ENG-104,Nominal
CFG-00399,DEV-090,SOC Minimum,10,%,10,5,20,2025-08-06T16:00:00-05:00,ENG-104,Nominal
CFG-00400,DEV-090,SOC Maximum,95,%,95,80,100,2025-08-06T16:00:00-05:00,ENG-104,Nominal
CFG-00401,DEV-090,Restart Delay,30,s,30,5,300,2025-08-06T16:00:00-05:00,ENG-104,Nominal
CFG-00402,DEV-090,Communication Timeout,30,s,30,5,120,2025-08-06T16:00:00-05:00,ENG-104,Nominal
CFG-00403,DEV-091,Max Charge Current,120,A,120,0,150,2025-08-06T16:00:00-05:00,ENG-104,Nominal
CFG-00404,DEV-091,Max Discharge Current,120,A,120,0,150,2025-08-06T16:00:00-05:00,ENG-104,Nominal
CFG-00405,DEV-091,Temperature Threshold,60,C,60,45,70,2025-08-06T16:00:00-05:00,ENG-104,Nominal
CFG-00406,DEV-091,SOC Minimum,10,%,10,5,20,2025-08-06T16:00:00-05:00,ENG-104,Nominal
CFG-00407,DEV-091,SOC Maximum,95,%,95,80,100,2025-08-06T16:00:00-05:00,ENG-104,Nominal
CFG-00408,DEV-091,Restart Delay,30,s,30,5,300,2025-08-06T16:00:00-05:00,ENG-104,Nominal
CFG-00409,DEV-091,Communication Timeout,30,s,30,5,120,2025-08-06T16:00:00-05:00,ENG-104,Nominal
CFG-00410,DEV-092,Grid Voltage Limit,504,V,504,450,530,2025-08-06T16:00:00-05:00,ENG-104,Nominal
CFG-00411,DEV-092,Grid Frequency Limit,0.5,Hz,0.5,0.2,1.0,2025-08-06T16:00:00-05:00,ENG-104,Nominal
CFG-00412,DEV-092,Inverter Power Limit,90,kW,90,10,90,2025-08-06T16:00:00-05:00,ENG-104,Nominal
CFG-00413,DEV-092,Restart Delay,60,s,60,5,300,2025-08-06T16:00:00-05:00,ENG-104,Nominal
CFG-00414,DEV-092,Communication Timeout,30,s,30,5,120,2025-08-06T16:00:00-05:00,ENG-104,Nominal
CFG-00415,DEV-092,Temperature Threshold,70,C,70,50,85,2025-08-06T16:00:00-05:00,ENG-104,Nominal
CFG-00416,DEV-093,Grid Voltage Limit,504,V,504,450,530,2025-08-06T16:00:00-05:00,ENG-104,Nominal
CFG-00417,DEV-093,Grid Frequency Limit,0.5,Hz,0.5,0.2,1.0,2025-08-06T16:00:00-05:00,ENG-104,Nominal
CFG-00418,DEV-093,Inverter Power Limit,90,kW,90,10,90,2025-08-06T16:00:00-05:00,ENG-104,Nominal
CFG-00419,DEV-093,Restart Delay,60,s,60,5,300,2025-08-06T16:00:00-05:00,ENG-104,Nominal
CFG-00420,DEV-093,Communication Timeout,30,s,30,5,120,2025-08-06T16:00:00-05:00,ENG-104,Nominal
CFG-00421,DEV-093,Temperature Threshold,70,C,70,50,85,2025-08-06T16:00:00-05:00,ENG-104,Nominal
CFG-00422,DEV-094,Communication Timeout,30,s,30,5,120,2025-08-06T16:00:00-05:00,ENG-104,Nominal
CFG-00423,DEV-094,Restart Delay,15,s,15,5,300,2025-08-06T16:00:00-05:00,ENG-104,Nominal
CFG-00424,DEV-095,Max Charge Current,120,A,120,0,150,2025-08-17T16:00:00-05:00,ENG-104,Nominal
CFG-00425,DEV-095,Max Discharge Current,120,A,120,0,150,2025-08-17T16:00:00-05:00,ENG-104,Nominal
CFG-00426,DEV-095,Temperature Threshold,60,C,60,45,70,2025-08-17T16:00:00-05:00,ENG-104,Nominal
CFG-00427,DEV-095,SOC Minimum,10,%,10,5,20,2025-08-17T16:00:00-05:00,ENG-104,Nominal
CFG-00428,DEV-095,SOC Maximum,95,%,95,80,100,2025-08-17T16:00:00-05:00,ENG-104,Nominal
CFG-00429,DEV-095,Restart Delay,30,s,30,5,300,2025-08-17T16:00:00-05:00,ENG-104,Nominal
CFG-00430,DEV-095,Communication Timeout,30,s,30,5,120,2025-08-17T16:00:00-05:00,ENG-104,Nominal
CFG-00431,DEV-096,Grid Voltage Limit,504,V,504,450,530,2025-08-17T16:00:00-05:00,ENG-104,Nominal
CFG-00432,DEV-096,Grid Frequency Limit,0.5,Hz,0.5,0.2,1.0,2025-08-17T16:00:00-05:00,ENG-104,Nominal
CFG-00433,DEV-096,Inverter Power Limit,90,kW,90,10,90,2025-08-17T16:00:00-05:00,ENG-104,Nominal
CFG-00434,DEV-096,Restart Delay,60,s,60,5,300,2025-08-17T16:00:00-05:00,ENG-104,Nominal
CFG-00435,DEV-096,Communication Timeout,30,s,30,5,120,2025-08-17T16:00:00-05:00,ENG-104,Nominal
CFG-00436,DEV-096,Temperature Threshold,70,C,70,50,85,2025-08-17T16:00:00-05:00,ENG-104,Nominal
CFG-00437,DEV-097,Grid Voltage Limit,504,V,504,450,530,2025-08-17T16:00:00-05:00,ENG-104,Nominal
CFG-00438,DEV-097,Grid Frequency Limit,0.5,Hz,0.5,0.2,1.0,2025-08-17T16:00:00-05:00,ENG-104,Nominal
CFG-00439,DEV-097,Communication Timeout,30,s,30,5,120,2025-08-17T16:00:00-05:00,ENG-104,Nominal
CFG-00440,DEV-098,Communication Timeout,30,s,30,5,120,2025-08-17T16:00:00-05:00,ENG-104,Nominal
CFG-00441,DEV-098,Restart Delay,15,s,15,5,300,2025-08-17T16:00:00-05:00,ENG-104,Nominal
CFG-00442,DEV-099,Max Charge Current,120,A,120,0,150,2025-08-28T16:00:00-05:00,ENG-104,Nominal
CFG-00443,DEV-099,Max Discharge Current,120,A,120,0,150,2025-08-28T16:00:00-05:00,ENG-104,Nominal
CFG-00444,DEV-099,Temperature Threshold,60,C,60,45,70,2025-08-28T16:00:00-05:00,ENG-104,Nominal
CFG-00445,DEV-099,SOC Minimum,10,%,10,5,20,2025-08-28T16:00:00-05:00,ENG-104,Nominal
CFG-00446,DEV-099,SOC Maximum,95,%,95,80,100,2025-08-28T16:00:00-05:00,ENG-104,Nominal
CFG-00447,DEV-099,Restart Delay,30,s,30,5,300,2025-08-28T16:00:00-05:00,ENG-104,Nominal
CFG-00448,DEV-099,Communication Timeout,30,s,30,5,120,2025-08-28T16:00:00-05:00,ENG-104,Nominal
CFG-00449,DEV-100,Grid Voltage Limit,504,V,504,450,530,2025-08-28T16:00:00-05:00,ENG-104,Nominal
CFG-00450,DEV-100,Grid Frequency Limit,0.5,Hz,0.5,0.2,1.0,2025-08-28T16:00:00-05:00,ENG-104,Nominal
CFG-00451,DEV-100,Inverter Power Limit,90,kW,90,10,90,2025-08-28T16:00:00-05:00,ENG-104,Nominal
CFG-00452,DEV-100,Restart Delay,60,s,60,5,300,2025-08-28T16:00:00-05:00,ENG-104,Nominal
CFG-00453,DEV-100,Communication Timeout,30,s,30,5,120,2025-08-28T16:00:00-05:00,ENG-104,Nominal
CFG-00454,DEV-100,Temperature Threshold,70,C,70,50,85,2025-08-28T16:00:00-05:00,ENG-104,Nominal
CFG-00455,DEV-101,Grid Voltage Limit,504,V,504,450,530,2025-08-28T16:00:00-05:00,ENG-104,Nominal
CFG-00456,DEV-101,Grid Frequency Limit,0.5,Hz,0.5,0.2,1.0,2025-08-28T16:00:00-05:00,ENG-104,Nominal
CFG-00457,DEV-101,Communication Timeout,30,s,30,5,120,2025-08-28T16:00:00-05:00,ENG-104,Nominal
CFG-00458,DEV-102,Communication Timeout,30,s,30,5,120,2025-08-28T16:00:00-05:00,ENG-104,Nominal
CFG-00459,DEV-102,Restart Delay,15,s,15,5,300,2025-08-28T16:00:00-05:00,ENG-104,Nominal
CFG-00460,DEV-103,Max Charge Current,120,A,120,0,150,2025-09-08T16:00:00-05:00,ENG-104,Nominal
CFG-00461,DEV-103,Max Discharge Current,120,A,120,0,150,2025-09-08T16:00:00-05:00,ENG-104,Nominal
CFG-00462,DEV-103,Temperature Threshold,60,C,60,45,70,2025-09-08T16:00:00-05:00,ENG-104,Nominal
CFG-00463,DEV-103,SOC Minimum,10,%,10,5,20,2025-09-08T16:00:00-05:00,ENG-104,Nominal
CFG-00464,DEV-103,SOC Maximum,95,%,95,80,100,2025-09-08T16:00:00-05:00,ENG-104,Nominal
CFG-00465,DEV-103,Restart Delay,30,s,30,5,300,2025-09-08T16:00:00-05:00,ENG-104,Nominal
CFG-00466,DEV-103,Communication Timeout,30,s,30,5,120,2025-09-08T16:00:00-05:00,ENG-104,Nominal
CFG-00467,DEV-104,Grid Voltage Limit,504,V,504,450,530,2025-09-08T16:00:00-05:00,ENG-104,Nominal
CFG-00468,DEV-104,Grid Frequency Limit,0.5,Hz,0.5,0.2,1.0,2025-09-08T16:00:00-05:00,ENG-104,Nominal
CFG-00469,DEV-104,Inverter Power Limit,90,kW,90,10,90,2025-09-08T16:00:00-05:00,ENG-104,Nominal
CFG-00470,DEV-104,Restart Delay,60,s,60,5,300,2025-09-08T16:00:00-05:00,ENG-104,Nominal
CFG-00471,DEV-104,Communication Timeout,30,s,30,5,120,2025-09-08T16:00:00-05:00,ENG-104,Nominal
CFG-00472,DEV-104,Temperature Threshold,70,C,70,50,85,2025-09-08T16:00:00-05:00,ENG-104,Nominal
CFG-00473,DEV-105,Grid Voltage Limit,504,V,504,450,530,2025-09-08T16:00:00-05:00,ENG-104,Nominal
CFG-00474,DEV-105,Grid Frequency Limit,0.5,Hz,0.5,0.2,1.0,2025-09-08T16:00:00-05:00,ENG-104,Nominal
CFG-00475,DEV-105,Communication Timeout,30,s,30,5,120,2025-09-08T16:00:00-05:00,ENG-104,Nominal
CFG-00476,DEV-106,Communication Timeout,30,s,30,5,120,2025-09-08T16:00:00-05:00,ENG-104,Nominal
CFG-00477,DEV-106,Restart Delay,15,s,15,5,300,2025-09-08T16:00:00-05:00,ENG-104,Nominal
CFG-00478,DEV-107,Max Charge Current,120,A,120,0,150,2025-09-19T16:00:00-05:00,ENG-104,Nominal
CFG-00479,DEV-107,Max Discharge Current,120,A,120,0,150,2025-09-19T16:00:00-05:00,ENG-104,Nominal
CFG-00480,DEV-107,Temperature Threshold,60,C,60,45,70,2025-09-19T16:00:00-05:00,ENG-104,Nominal
CFG-00481,DEV-107,SOC Minimum,10,%,10,5,20,2025-09-19T16:00:00-05:00,ENG-104,Nominal
CFG-00482,DEV-107,SOC Maximum,95,%,95,80,100,2025-09-19T16:00:00-05:00,ENG-104,Nominal
CFG-00483,DEV-107,Restart Delay,30,s,30,5,300,2025-09-19T16:00:00-05:00,ENG-104,Nominal
CFG-00484,DEV-107,Communication Timeout,30,s,30,5,120,2025-09-19T16:00:00-05:00,ENG-104,Nominal
CFG-00485,DEV-108,Grid Voltage Limit,504,V,504,450,530,2025-09-19T16:00:00-05:00,ENG-104,Nominal
CFG-00486,DEV-108,Grid Frequency Limit,0.5,Hz,0.5,0.2,1.0,2025-09-19T16:00:00-05:00,ENG-104,Nominal
CFG-00487,DEV-108,Inverter Power Limit,90,kW,90,10,90,2025-09-19T16:00:00-05:00,ENG-104,Nominal
CFG-00488,DEV-108,Restart Delay,60,s,60,5,300,2025-09-19T16:00:00-05:00,ENG-104,Nominal
CFG-00489,DEV-108,Communication Timeout,30,s,30,5,120,2025-09-19T16:00:00-05:00,ENG-104,Nominal
CFG-00490,DEV-108,Temperature Threshold,70,C,70,50,85,2025-09-19T16:00:00-05:00,ENG-104,Nominal
CFG-00491,DEV-109,Grid Voltage Limit,504,V,504,450,530,2025-09-19T16:00:00-05:00,ENG-104,Nominal
CFG-00492,DEV-109,Grid Frequency Limit,0.5,Hz,0.5,0.2,1.0,2025-09-19T16:00:00-05:00,ENG-104,Nominal
CFG-00493,DEV-109,Communication Timeout,30,s,30,5,120,2025-09-19T16:00:00-05:00,ENG-104,Nominal
CFG-00494,DEV-110,Communication Timeout,30,s,30,5,120,2025-09-19T16:00:00-05:00,ENG-104,Nominal
CFG-00495,DEV-110,Restart Delay,15,s,15,5,300,2025-09-19T16:00:00-05:00,ENG-104,Nominal
CFG-00496,DEV-111,Max Charge Current,120,A,120,0,150,2025-09-30T16:00:00-05:00,ENG-104,Nominal
CFG-00497,DEV-111,Max Discharge Current,120,A,120,0,150,2025-09-30T16:00:00-05:00,ENG-104,Nominal
CFG-00498,DEV-111,Temperature Threshold,60,C,60,45,70,2025-09-30T16:00:00-05:00,ENG-104,Nominal
CFG-00499,DEV-111,SOC Minimum,10,%,10,5,20,2025-09-30T16:00:00-05:00,ENG-104,Nominal
CFG-00500,DEV-111,SOC Maximum,95,%,95,80,100,2025-09-30T16:00:00-05:00,ENG-104,Nominal
CFG-00501,DEV-111,Restart Delay,30,s,30,5,300,2025-09-30T16:00:00-05:00,ENG-104,Nominal
CFG-00502,DEV-111,Communication Timeout,30,s,30,5,120,2025-09-30T16:00:00-05:00,ENG-104,Nominal
CFG-00503,DEV-112,Grid Voltage Limit,504,V,504,450,530,2025-09-30T16:00:00-05:00,ENG-104,Nominal
CFG-00504,DEV-112,Grid Frequency Limit,0.5,Hz,0.5,0.2,1.0,2025-09-30T16:00:00-05:00,ENG-104,Nominal
CFG-00505,DEV-112,Communication Timeout,30,s,30,5,120,2025-09-30T16:00:00-05:00,ENG-104,Nominal
CFG-00506,DEV-113,Communication Timeout,30,s,30,5,120,2025-09-30T16:00:00-05:00,ENG-104,Nominal
CFG-00507,DEV-113,Restart Delay,15,s,15,5,300,2025-09-30T16:00:00-05:00,ENG-104,Nominal
CFG-00508,DEV-114,Max Charge Current,120,A,120,0,150,2025-10-11T16:00:00-05:00,ENG-104,Nominal
CFG-00509,DEV-114,Max Discharge Current,120,A,120,0,150,2025-10-11T16:00:00-05:00,ENG-104,Nominal
CFG-00510,DEV-114,Temperature Threshold,60,C,60,45,70,2025-10-11T16:00:00-05:00,ENG-104,Nominal
CFG-00511,DEV-114,SOC Minimum,10,%,10,5,20,2025-10-11T16:00:00-05:00,ENG-104,Nominal
CFG-00512,DEV-114,SOC Maximum,95,%,95,80,100,2025-10-11T16:00:00-05:00,ENG-104,Nominal
CFG-00513,DEV-114,Restart Delay,30,s,30,5,300,2025-10-11T16:00:00-05:00,ENG-104,Nominal
CFG-00514,DEV-114,Communication Timeout,30,s,30,5,120,2025-10-11T16:00:00-05:00,ENG-104,Nominal
CFG-00515,DEV-115,Grid Voltage Limit,504,V,504,450,530,2025-10-11T16:00:00-05:00,ENG-104,Nominal
CFG-00516,DEV-115,Grid Frequency Limit,0.5,Hz,0.5,0.2,1.0,2025-10-11T16:00:00-05:00,ENG-104,Nominal
CFG-00517,DEV-115,Communication Timeout,30,s,30,5,120,2025-10-11T16:00:00-05:00,ENG-104,Nominal
CFG-00518,DEV-116,Communication Timeout,30,s,30,5,120,2025-10-11T16:00:00-05:00,ENG-104,Nominal
CFG-00519,DEV-116,Restart Delay,15,s,15,5,300,2025-10-11T16:00:00-05:00,ENG-104,Nominal
CFG-00520,DEV-117,Max Charge Current,120,A,120,0,150,2025-10-22T16:00:00-05:00,ENG-104,Nominal
CFG-00521,DEV-117,Max Discharge Current,120,A,120,0,150,2025-10-22T16:00:00-05:00,ENG-104,Nominal
CFG-00522,DEV-117,Temperature Threshold,60,C,60,45,70,2025-10-22T16:00:00-05:00,ENG-104,Nominal
CFG-00523,DEV-117,SOC Minimum,10,%,10,5,20,2025-10-22T16:00:00-05:00,ENG-104,Nominal
CFG-00524,DEV-117,SOC Maximum,95,%,95,80,100,2025-10-22T16:00:00-05:00,ENG-104,Nominal
CFG-00525,DEV-117,Restart Delay,30,s,30,5,300,2025-10-22T16:00:00-05:00,ENG-104,Nominal
CFG-00526,DEV-117,Communication Timeout,30,s,30,5,120,2025-10-22T16:00:00-05:00,ENG-104,Nominal
CFG-00527,DEV-118,Grid Voltage Limit,504,V,504,450,530,2025-10-22T16:00:00-05:00,ENG-104,Nominal
CFG-00528,DEV-118,Grid Frequency Limit,0.5,Hz,0.5,0.2,1.0,2025-10-22T16:00:00-05:00,ENG-104,Nominal
CFG-00529,DEV-118,Communication Timeout,30,s,30,5,120,2025-10-22T16:00:00-05:00,ENG-104,Nominal
CFG-00530,DEV-119,Communication Timeout,30,s,30,5,120,2025-10-22T16:00:00-05:00,ENG-104,Nominal
CFG-00531,DEV-119,Restart Delay,15,s,15,5,300,2025-10-22T16:00:00-05:00,ENG-104,Nominal
CFG-00532,DEV-120,Max Charge Current,120,A,120,0,150,2025-11-02T16:00:00-06:00,ENG-104,Nominal
CFG-00533,DEV-120,Max Discharge Current,120,A,120,0,150,2025-11-02T16:00:00-06:00,ENG-104,Nominal
CFG-00534,DEV-120,Temperature Threshold,60,C,60,45,70,2025-11-02T16:00:00-06:00,ENG-104,Nominal
CFG-00535,DEV-120,SOC Minimum,10,%,10,5,20,2025-11-02T16:00:00-06:00,ENG-104,Nominal
CFG-00536,DEV-120,SOC Maximum,95,%,95,80,100,2025-11-02T16:00:00-06:00,ENG-104,Nominal
CFG-00537,DEV-120,Restart Delay,30,s,30,5,300,2025-11-02T16:00:00-06:00,ENG-104,Nominal
CFG-00538,DEV-120,Communication Timeout,30,s,30,5,120,2025-11-02T16:00:00-06:00,ENG-104,Nominal
CFG-00539,DEV-121,Grid Voltage Limit,504,V,504,450,530,2025-11-02T16:00:00-06:00,ENG-104,Nominal
CFG-00540,DEV-121,Grid Frequency Limit,0.5,Hz,0.5,0.2,1.0,2025-11-02T16:00:00-06:00,ENG-104,Nominal
CFG-00541,DEV-121,Communication Timeout,30,s,30,5,120,2025-11-02T16:00:00-06:00,ENG-104,Nominal
CFG-00542,DEV-122,Communication Timeout,30,s,30,5,120,2025-11-02T16:00:00-06:00,ENG-104,Nominal
CFG-00543,DEV-122,Restart Delay,15,s,15,5,300,2025-11-02T16:00:00-06:00,ENG-104,Nominal
CFG-00544,DEV-123,Max Charge Current,120,A,120,0,150,2025-11-13T16:00:00-06:00,ENG-104,Nominal
CFG-00545,DEV-123,Max Discharge Current,120,A,120,0,150,2025-11-13T16:00:00-06:00,ENG-104,Nominal
CFG-00546,DEV-123,Temperature Threshold,60,C,60,45,70,2025-11-13T16:00:00-06:00,ENG-104,Nominal
CFG-00547,DEV-123,SOC Minimum,10,%,10,5,20,2025-11-13T16:00:00-06:00,ENG-104,Nominal
CFG-00548,DEV-123,SOC Maximum,95,%,95,80,100,2025-11-13T16:00:00-06:00,ENG-104,Nominal
CFG-00549,DEV-123,Restart Delay,30,s,30,5,300,2025-11-13T16:00:00-06:00,ENG-104,Nominal
CFG-00550,DEV-123,Communication Timeout,30,s,30,5,120,2025-11-13T16:00:00-06:00,ENG-104,Nominal
CFG-00551,DEV-124,Grid Voltage Limit,504,V,504,450,530,2025-11-13T16:00:00-06:00,ENG-104,Nominal
CFG-00552,DEV-124,Grid Frequency Limit,0.5,Hz,0.5,0.2,1.0,2025-11-13T16:00:00-06:00,ENG-104,Nominal
CFG-00553,DEV-124,Inverter Power Limit,90,kW,90,10,90,2025-11-13T16:00:00-06:00,ENG-104,Nominal
CFG-00554,DEV-124,Restart Delay,60,s,60,5,300,2025-11-13T16:00:00-06:00,ENG-104,Nominal
CFG-00555,DEV-124,Communication Timeout,30,s,30,5,120,2025-11-13T16:00:00-06:00,ENG-104,Nominal
CFG-00556,DEV-124,Temperature Threshold,70,C,70,50,85,2025-11-13T16:00:00-06:00,ENG-104,Nominal
CFG-00557,DEV-125,Max Charge Current,120,A,120,0,150,2025-11-24T16:00:00-06:00,ENG-104,Nominal
CFG-00558,DEV-125,Max Discharge Current,120,A,120,0,150,2025-11-24T16:00:00-06:00,ENG-104,Nominal
CFG-00559,DEV-125,Temperature Threshold,60,C,60,45,70,2025-11-24T16:00:00-06:00,ENG-104,Nominal
CFG-00560,DEV-125,SOC Minimum,10,%,10,5,20,2025-11-24T16:00:00-06:00,ENG-104,Nominal
CFG-00561,DEV-125,SOC Maximum,95,%,95,80,100,2025-11-24T16:00:00-06:00,ENG-104,Nominal
CFG-00562,DEV-125,Restart Delay,30,s,30,5,300,2025-11-24T16:00:00-06:00,ENG-104,Nominal
CFG-00563,DEV-125,Communication Timeout,30,s,30,5,120,2025-11-24T16:00:00-06:00,ENG-104,Nominal
CFG-00564,DEV-126,Grid Voltage Limit,504,V,504,450,530,2025-11-24T16:00:00-06:00,ENG-104,Nominal
CFG-00565,DEV-126,Grid Frequency Limit,0.5,Hz,0.5,0.2,1.0,2025-11-24T16:00:00-06:00,ENG-104,Nominal
CFG-00566,DEV-126,Inverter Power Limit,90,kW,90,10,90,2025-11-24T16:00:00-06:00,ENG-104,Nominal
CFG-00567,DEV-126,Restart Delay,60,s,60,5,300,2025-11-24T16:00:00-06:00,ENG-104,Nominal
CFG-00568,DEV-126,Communication Timeout,30,s,30,5,120,2025-11-24T16:00:00-06:00,ENG-104,Nominal
CFG-00569,DEV-126,Temperature Threshold,70,C,70,50,85,2025-11-24T16:00:00-06:00,ENG-104,Nominal
CFG-00570,DEV-127,Max Charge Current,120,A,120,0,150,2025-12-05T16:00:00-06:00,ENG-104,Nominal
CFG-00571,DEV-127,Max Discharge Current,120,A,120,0,150,2025-12-05T16:00:00-06:00,ENG-104,Nominal
CFG-00572,DEV-127,Temperature Threshold,60,C,60,45,70,2025-12-05T16:00:00-06:00,ENG-104,Nominal
CFG-00573,DEV-127,SOC Minimum,10,%,10,5,20,2025-12-05T16:00:00-06:00,ENG-104,Nominal
CFG-00574,DEV-127,SOC Maximum,95,%,95,80,100,2025-12-05T16:00:00-06:00,ENG-104,Nominal
CFG-00575,DEV-127,Restart Delay,30,s,30,5,300,2025-12-05T16:00:00-06:00,ENG-104,Nominal
CFG-00576,DEV-127,Communication Timeout,30,s,30,5,120,2025-12-05T16:00:00-06:00,ENG-104,Nominal
CFG-00577,DEV-128,Grid Voltage Limit,504,V,504,450,530,2025-12-05T16:00:00-06:00,ENG-104,Nominal
CFG-00578,DEV-128,Grid Frequency Limit,0.5,Hz,0.5,0.2,1.0,2025-12-05T16:00:00-06:00,ENG-104,Nominal
CFG-00579,DEV-128,Inverter Power Limit,90,kW,90,10,90,2025-12-05T16:00:00-06:00,ENG-104,Nominal
CFG-00580,DEV-128,Restart Delay,60,s,60,5,300,2025-12-05T16:00:00-06:00,ENG-104,Nominal
CFG-00581,DEV-128,Communication Timeout,30,s,30,5,120,2025-12-05T16:00:00-06:00,ENG-104,Nominal
CFG-00582,DEV-128,Temperature Threshold,70,C,70,50,85,2025-12-05T16:00:00-06:00,ENG-104,Nominal
CFG-00583,DEV-129,Max Charge Current,120,A,120,0,150,2025-12-16T16:00:00-06:00,ENG-104,Nominal
CFG-00584,DEV-129,Max Discharge Current,120,A,120,0,150,2025-12-16T16:00:00-06:00,ENG-104,Nominal
CFG-00585,DEV-129,Temperature Threshold,60,C,60,45,70,2025-12-16T16:00:00-06:00,ENG-104,Nominal
CFG-00586,DEV-129,SOC Minimum,10,%,10,5,20,2025-12-16T16:00:00-06:00,ENG-104,Nominal
CFG-00587,DEV-129,SOC Maximum,95,%,95,80,100,2025-12-16T16:00:00-06:00,ENG-104,Nominal
CFG-00588,DEV-129,Restart Delay,30,s,30,5,300,2025-12-16T16:00:00-06:00,ENG-104,Nominal
CFG-00589,DEV-129,Communication Timeout,30,s,30,5,120,2025-12-16T16:00:00-06:00,ENG-104,Nominal
CFG-00590,DEV-130,Grid Voltage Limit,504,V,504,450,530,2025-12-16T16:00:00-06:00,ENG-104,Nominal
CFG-00591,DEV-130,Grid Frequency Limit,0.5,Hz,0.5,0.2,1.0,2025-12-16T16:00:00-06:00,ENG-104,Nominal
CFG-00592,DEV-130,Inverter Power Limit,90,kW,90,10,90,2025-12-16T16:00:00-06:00,ENG-104,Nominal
CFG-00593,DEV-130,Restart Delay,60,s,60,5,300,2025-12-16T16:00:00-06:00,ENG-104,Nominal
CFG-00594,DEV-130,Communication Timeout,30,s,30,5,120,2025-12-16T16:00:00-06:00,ENG-104,Nominal
CFG-00595,DEV-130,Temperature Threshold,70,C,70,50,85,2025-12-16T16:00:00-06:00,ENG-104,Nominal
CFG-00596,DEV-131,Max Charge Current,120,A,120,0,150,2025-12-27T16:00:00-06:00,ENG-104,Nominal
CFG-00597,DEV-131,Max Discharge Current,120,A,120,0,150,2025-12-27T16:00:00-06:00,ENG-104,Nominal
CFG-00598,DEV-131,Temperature Threshold,60,C,60,45,70,2025-12-27T16:00:00-06:00,ENG-104,Nominal
CFG-00599,DEV-131,SOC Minimum,10,%,10,5,20,2025-12-27T16:00:00-06:00,ENG-104,Nominal
CFG-00600,DEV-131,SOC Maximum,95,%,95,80,100,2025-12-27T16:00:00-06:00,ENG-104,Nominal
CFG-00601,DEV-131,Restart Delay,30,s,30,5,300,2025-12-27T16:00:00-06:00,ENG-104,Nominal
CFG-00602,DEV-131,Communication Timeout,30,s,30,5,120,2025-12-27T16:00:00-06:00,ENG-104,Nominal
CFG-00603,DEV-132,Grid Voltage Limit,504,V,504,450,530,2025-12-27T16:00:00-06:00,ENG-104,Nominal
CFG-00604,DEV-132,Grid Frequency Limit,0.5,Hz,0.5,0.2,1.0,2025-12-27T16:00:00-06:00,ENG-104,Nominal
CFG-00605,DEV-132,Inverter Power Limit,90,kW,90,10,90,2025-12-27T16:00:00-06:00,ENG-104,Nominal
CFG-00606,DEV-132,Restart Delay,60,s,60,5,300,2025-12-27T16:00:00-06:00,ENG-104,Nominal
CFG-00607,DEV-132,Communication Timeout,30,s,30,5,120,2025-12-27T16:00:00-06:00,ENG-104,Nominal
CFG-00608,DEV-132,Temperature Threshold,70,C,70,50,85,2025-12-27T16:00:00-06:00,ENG-104,Nominal
CFG-00609,DEV-133,Max Charge Current,120,A,120,0,150,2025-06-21T16:00:00-05:00,ENG-104,Nominal
CFG-00610,DEV-133,Max Discharge Current,120,A,120,0,150,2025-06-21T16:00:00-05:00,ENG-104,Nominal
CFG-00611,DEV-133,Temperature Threshold,60,C,60,45,70,2025-06-21T16:00:00-05:00,ENG-104,Nominal
CFG-00612,DEV-133,SOC Minimum,10,%,10,5,20,2025-06-21T16:00:00-05:00,ENG-104,Nominal
CFG-00613,DEV-133,SOC Maximum,95,%,95,80,100,2025-06-21T16:00:00-05:00,ENG-104,Nominal
CFG-00614,DEV-133,Restart Delay,30,s,30,5,300,2025-06-21T16:00:00-05:00,ENG-104,Nominal
CFG-00615,DEV-133,Communication Timeout,30,s,30,5,120,2025-06-21T16:00:00-05:00,ENG-104,Nominal
CFG-00616,DEV-134,Grid Voltage Limit,504,V,504,450,530,2025-06-21T16:00:00-05:00,ENG-104,Nominal
CFG-00617,DEV-134,Grid Frequency Limit,0.5,Hz,0.5,0.2,1.0,2025-06-21T16:00:00-05:00,ENG-104,Nominal
CFG-00618,DEV-134,Inverter Power Limit,90,kW,90,10,90,2025-06-21T16:00:00-05:00,ENG-104,Nominal
CFG-00619,DEV-134,Restart Delay,60,s,60,5,300,2025-06-21T16:00:00-05:00,ENG-104,Nominal
CFG-00620,DEV-134,Communication Timeout,30,s,30,5,120,2025-06-21T16:00:00-05:00,ENG-104,Nominal
CFG-00621,DEV-134,Temperature Threshold,70,C,70,50,85,2025-06-21T16:00:00-05:00,ENG-104,Nominal
CFG-00622,DEV-135,Max Charge Current,120,A,120,0,150,2025-07-02T16:00:00-05:00,ENG-104,Nominal
CFG-00623,DEV-135,Max Discharge Current,120,A,120,0,150,2025-07-02T16:00:00-05:00,ENG-104,Nominal
CFG-00624,DEV-135,Temperature Threshold,60,C,60,45,70,2025-07-02T16:00:00-05:00,ENG-104,Nominal
CFG-00625,DEV-135,SOC Minimum,10,%,10,5,20,2025-07-02T16:00:00-05:00,ENG-104,Nominal
CFG-00626,DEV-135,SOC Maximum,95,%,95,80,100,2025-07-02T16:00:00-05:00,ENG-104,Nominal
CFG-00627,DEV-135,Restart Delay,30,s,30,5,300,2025-07-02T16:00:00-05:00,ENG-104,Nominal
CFG-00628,DEV-135,Communication Timeout,30,s,30,5,120,2025-07-02T16:00:00-05:00,ENG-104,Nominal
CFG-00629,DEV-136,Grid Voltage Limit,504,V,504,450,530,2025-07-02T16:00:00-05:00,ENG-104,Nominal
CFG-00630,DEV-136,Grid Frequency Limit,0.5,Hz,0.5,0.2,1.0,2025-07-02T16:00:00-05:00,ENG-104,Nominal
CFG-00631,DEV-136,Inverter Power Limit,90,kW,90,10,90,2025-07-02T16:00:00-05:00,ENG-104,Nominal
CFG-00632,DEV-136,Restart Delay,60,s,60,5,300,2025-07-02T16:00:00-05:00,ENG-104,Nominal
CFG-00633,DEV-136,Communication Timeout,30,s,30,5,120,2025-07-02T16:00:00-05:00,ENG-104,Nominal
CFG-00634,DEV-136,Temperature Threshold,70,C,70,50,85,2025-07-02T16:00:00-05:00,ENG-104,Nominal
CFG-00635,DEV-137,Max Charge Current,120,A,120,0,150,2025-07-13T16:00:00-05:00,ENG-104,Nominal
CFG-00636,DEV-137,Max Discharge Current,120,A,120,0,150,2025-07-13T16:00:00-05:00,ENG-104,Nominal
CFG-00637,DEV-137,Temperature Threshold,60,C,60,45,70,2025-07-13T16:00:00-05:00,ENG-104,Nominal
CFG-00638,DEV-137,SOC Minimum,10,%,10,5,20,2025-07-13T16:00:00-05:00,ENG-104,Nominal
CFG-00639,DEV-137,SOC Maximum,95,%,95,80,100,2025-07-13T16:00:00-05:00,ENG-104,Nominal
CFG-00640,DEV-137,Restart Delay,30,s,30,5,300,2025-07-13T16:00:00-05:00,ENG-104,Nominal
CFG-00641,DEV-137,Communication Timeout,30,s,30,5,120,2025-07-13T16:00:00-05:00,ENG-104,Nominal
CFG-00642,DEV-138,Grid Voltage Limit,504,V,504,450,530,2025-07-13T16:00:00-05:00,ENG-104,Nominal
CFG-00643,DEV-138,Grid Frequency Limit,0.5,Hz,0.5,0.2,1.0,2025-07-13T16:00:00-05:00,ENG-104,Nominal
CFG-00644,DEV-138,Inverter Power Limit,90,kW,90,10,90,2025-07-13T16:00:00-05:00,ENG-104,Nominal
CFG-00645,DEV-138,Restart Delay,60,s,60,5,300,2025-07-13T16:00:00-05:00,ENG-104,Nominal
CFG-00646,DEV-138,Communication Timeout,30,s,30,5,120,2025-07-13T16:00:00-05:00,ENG-104,Nominal
CFG-00647,DEV-138,Temperature Threshold,70,C,70,50,85,2025-07-13T16:00:00-05:00,ENG-104,Nominal
CFG-00648,DEV-139,Max Charge Current,120,A,120,0,150,2025-07-24T16:00:00-05:00,ENG-104,Nominal
CFG-00649,DEV-139,Max Discharge Current,120,A,120,0,150,2025-07-24T16:00:00-05:00,ENG-104,Nominal
CFG-00650,DEV-139,Temperature Threshold,60,C,60,45,70,2025-07-24T16:00:00-05:00,ENG-104,Nominal
CFG-00651,DEV-139,SOC Minimum,10,%,10,5,20,2025-07-24T16:00:00-05:00,ENG-104,Nominal
CFG-00652,DEV-139,SOC Maximum,95,%,95,80,100,2025-07-24T16:00:00-05:00,ENG-104,Nominal
CFG-00653,DEV-139,Restart Delay,30,s,30,5,300,2025-07-24T16:00:00-05:00,ENG-104,Nominal
CFG-00654,DEV-139,Communication Timeout,30,s,30,5,120,2025-07-24T16:00:00-05:00,ENG-104,Nominal
CFG-00655,DEV-140,Grid Voltage Limit,504,V,504,450,530,2025-07-24T16:00:00-05:00,ENG-104,Nominal
CFG-00656,DEV-140,Grid Frequency Limit,0.5,Hz,0.5,0.2,1.0,2025-07-24T16:00:00-05:00,ENG-104,Nominal
CFG-00657,DEV-140,Inverter Power Limit,90,kW,90,10,90,2025-07-24T16:00:00-05:00,ENG-104,Nominal
CFG-00658,DEV-140,Restart Delay,60,s,60,5,300,2025-07-24T16:00:00-05:00,ENG-104,Nominal
CFG-00659,DEV-140,Communication Timeout,30,s,30,5,120,2025-07-24T16:00:00-05:00,ENG-104,Nominal
CFG-00660,DEV-140,Temperature Threshold,70,C,70,50,85,2025-07-24T16:00:00-05:00,ENG-104,Nominal
CFG-00661,DEV-141,Max Charge Current,120,A,120,0,150,2025-08-04T16:00:00-05:00,ENG-104,Nominal
CFG-00662,DEV-141,Max Discharge Current,120,A,120,0,150,2025-08-04T16:00:00-05:00,ENG-104,Nominal
CFG-00663,DEV-141,Temperature Threshold,60,C,60,45,70,2025-08-04T16:00:00-05:00,ENG-104,Nominal
CFG-00664,DEV-141,SOC Minimum,10,%,10,5,20,2025-08-04T16:00:00-05:00,ENG-104,Nominal
CFG-00665,DEV-141,SOC Maximum,95,%,95,80,100,2025-08-04T16:00:00-05:00,ENG-104,Nominal
CFG-00666,DEV-141,Restart Delay,30,s,30,5,300,2025-08-04T16:00:00-05:00,ENG-104,Nominal
CFG-00667,DEV-141,Communication Timeout,30,s,30,5,120,2025-08-04T16:00:00-05:00,ENG-104,Nominal
CFG-00668,DEV-142,Grid Voltage Limit,504,V,504,450,530,2025-08-04T16:00:00-05:00,ENG-104,Nominal
CFG-00669,DEV-142,Grid Frequency Limit,0.5,Hz,0.5,0.2,1.0,2025-08-04T16:00:00-05:00,ENG-104,Nominal
CFG-00670,DEV-142,Inverter Power Limit,90,kW,90,10,90,2025-08-04T16:00:00-05:00,ENG-104,Nominal
CFG-00671,DEV-142,Restart Delay,60,s,60,5,300,2025-08-04T16:00:00-05:00,ENG-104,Nominal
CFG-00672,DEV-142,Communication Timeout,30,s,30,5,120,2025-08-04T16:00:00-05:00,ENG-104,Nominal
CFG-00673,DEV-142,Temperature Threshold,70,C,70,50,85,2025-08-04T16:00:00-05:00,ENG-104,Nominal
CFG-00674,DEV-143,Max Charge Current,120,A,120,0,150,2025-08-15T16:00:00-05:00,ENG-104,Nominal
CFG-00675,DEV-143,Max Discharge Current,120,A,120,0,150,2025-08-15T16:00:00-05:00,ENG-104,Nominal
CFG-00676,DEV-143,Temperature Threshold,60,C,60,45,70,2025-08-15T16:00:00-05:00,ENG-104,Nominal
CFG-00677,DEV-143,SOC Minimum,10,%,10,5,20,2025-08-15T16:00:00-05:00,ENG-104,Nominal
CFG-00678,DEV-143,SOC Maximum,95,%,95,80,100,2025-08-15T16:00:00-05:00,ENG-104,Nominal
CFG-00679,DEV-143,Restart Delay,30,s,30,5,300,2025-08-15T16:00:00-05:00,ENG-104,Nominal
CFG-00680,DEV-143,Communication Timeout,30,s,30,5,120,2025-08-15T16:00:00-05:00,ENG-104,Nominal
CFG-00681,DEV-144,Grid Voltage Limit,504,V,504,450,530,2025-08-15T16:00:00-05:00,ENG-104,Nominal
CFG-00682,DEV-144,Grid Frequency Limit,0.5,Hz,0.5,0.2,1.0,2025-08-15T16:00:00-05:00,ENG-104,Nominal
CFG-00683,DEV-144,Inverter Power Limit,90,kW,90,10,90,2025-08-15T16:00:00-05:00,ENG-104,Nominal
CFG-00684,DEV-144,Restart Delay,60,s,60,5,300,2025-08-15T16:00:00-05:00,ENG-104,Nominal
CFG-00685,DEV-144,Communication Timeout,30,s,30,5,120,2025-08-15T16:00:00-05:00,ENG-104,Nominal
CFG-00686,DEV-144,Temperature Threshold,70,C,70,50,85,2025-08-15T16:00:00-05:00,ENG-104,Nominal
CFG-00687,DEV-145,Max Charge Current,120,A,120,0,150,2025-08-26T16:00:00-05:00,ENG-104,Nominal
CFG-00688,DEV-145,Max Discharge Current,120,A,120,0,150,2025-08-26T16:00:00-05:00,ENG-104,Nominal
CFG-00689,DEV-145,Temperature Threshold,60,C,60,45,70,2025-08-26T16:00:00-05:00,ENG-104,Nominal
CFG-00690,DEV-145,SOC Minimum,10,%,10,5,20,2025-08-26T16:00:00-05:00,ENG-104,Nominal
CFG-00691,DEV-145,SOC Maximum,95,%,95,80,100,2025-08-26T16:00:00-05:00,ENG-104,Nominal
CFG-00692,DEV-145,Restart Delay,30,s,30,5,300,2025-08-26T16:00:00-05:00,ENG-104,Nominal
CFG-00693,DEV-145,Communication Timeout,30,s,30,5,120,2025-08-26T16:00:00-05:00,ENG-104,Nominal
CFG-00694,DEV-146,Grid Voltage Limit,504,V,504,450,530,2025-08-26T16:00:00-05:00,ENG-104,Nominal
CFG-00695,DEV-146,Grid Frequency Limit,0.5,Hz,0.5,0.2,1.0,2025-08-26T16:00:00-05:00,ENG-104,Nominal
CFG-00696,DEV-146,Inverter Power Limit,90,kW,90,10,90,2025-08-26T16:00:00-05:00,ENG-104,Nominal
CFG-00697,DEV-146,Restart Delay,60,s,60,5,300,2025-08-26T16:00:00-05:00,ENG-104,Nominal
CFG-00698,DEV-146,Communication Timeout,30,s,30,5,120,2025-08-26T16:00:00-05:00,ENG-104,Nominal
CFG-00699,DEV-146,Temperature Threshold,70,C,70,50,85,2025-08-26T16:00:00-05:00,ENG-104,Nominal
