component_id,device_id,component_type,expected_lifespan_hours,hardware_revision,serial_number,status
CMP-0001,DEV-001,BMS,87600,HW-B,SYN-CMP-000001,In Service
CMP-0002,DEV-001,Power Module,60000,HW-B,SYN-CMP-000002,In Service
CMP-0003,DEV-001,Cooling Fan,35000,HW-B,SYN-CMP-000003,Failed
CMP-0004,DEV-001,Temperature Sensor,50000,HW-B,SYN-CMP-000004,In Service
CMP-0005,DEV-001,Voltage Sensor,50000,HW-B,SYN-CMP-000005,In Service
CMP-0006,DEV-001,Current Sensor,50000,HW-B,SYN-CMP-000006,In Service
CMP-0007,DEV-001,Communication Module,70000,HW-B,SYN-CMP-000007,In Service
CMP-0008,DEV-001,Relay,40000,HW-B,SYN-CMP-000008,In Service
CMP-0009,DEV-001,Contactor,40000,HW-B,SYN-CMP-000009,In Service
CMP-0010,DEV-002,Inverter Controller,70000,HW-B,SYN-CMP-000010,In Service
CMP-0011,DEV-002,Power Module,60000,HW-B,SYN-CMP-000011,In Service
CMP-0012,DEV-002,Cooling Fan,35000,HW-B,SYN-CMP-000012,In Service
CMP-0013,DEV-002,Temperature Sensor,50000,HW-B,SYN-CMP-000013,In Service
CMP-0014,DEV-002,Voltage Sensor,50000,HW-B,SYN-CMP-000014,In Service
CMP-0015,DEV-002,Current Sensor,50000,HW-B,SYN-CMP-000015,In Service
CMP-0016,DEV-002,Communication Module,70000,HW-B,SYN-CMP-000016,In Service
CMP-0017,DEV-002,Relay,40000,HW-B,SYN-CMP-000017,In Service
CMP-0018,DEV-003,Gateway,80000,HW-C,SYN-CMP-000018,In Service
CMP-0019,DEV-003,Communication Module,70000,HW-C,SYN-CMP-000019,In Service
CMP-0020,DEV-003,Temperature Sensor,50000,HW-C,SYN-CMP-000020,In Service
CMP-0021,DEV-004,Temperature Sensor,50000,HW-A,SYN-CMP-000021,In Service
CMP-0022,DEV-005,Voltage Sensor,50000,HW-B,SYN-CMP-000022,In Service
CMP-0023,DEV-006,BMS,87600,HW-D,SYN-CMP-000023,In Service
CMP-0024,DEV-006,Power Module,60000,HW-D,SYN-CMP-000024,In Service
CMP-0025,DEV-006,Cooling Fan,35000,HW-D,SYN-CMP-000025,In Service
CMP-0026,DEV-006,Temperature Sensor,50000,HW-D,SYN-CMP-000026,In Service
CMP-0027,DEV-006,Voltage Sensor,50000,HW-D,SYN-CMP-000027,In Service
CMP-0028,DEV-006,Current Sensor,50000,HW-D,SYN-CMP-000028,In Service
CMP-0029,DEV-006,Communication Module,70000,HW-D,SYN-CMP-000029,In Service
CMP-0030,DEV-006,Relay,40000,HW-D,SYN-CMP-000030,In Service
CMP-0031,DEV-006,Contactor,40000,HW-D,SYN-CMP-000031,In Service
CMP-0032,DEV-007,Inverter Controller,70000,HW-B,SYN-CMP-000032,In Service
CMP-0033,DEV-007,Power Module,60000,HW-B,SYN-CMP-000033,In Service
CMP-0034,DEV-007,Cooling Fan,35000,HW-B,SYN-CMP-000034,In Service
CMP-0035,DEV-007,Temperature Sensor,50000,HW-B,SYN-CMP-000035,In Service
CMP-0036,DEV-007,Voltage Sensor,50000,HW-B,SYN-CMP-000036,In Service
CMP-0037,DEV-007,Current Sensor,50000,HW-B,SYN-CMP-000037,In Service
CMP-0038,DEV-007,Communication Module,70000,HW-B,SYN-CMP-000038,In Service
CMP-0039,DEV-007,Relay,40000,HW-B,SYN-CMP-000039,In Service
CMP-0040,DEV-008,Gateway,80000,HW-B,SYN-CMP-000040,In Service
CMP-0041,DEV-008,Communication Module,70000,HW-B,SYN-CMP-000041,In Service
CMP-0042,DEV-008,Temperature Sensor,50000,HW-B,SYN-CMP-000042,In Service
CMP-0043,DEV-009,BMS,87600,HW-B,SYN-CMP-000043,In Service
CMP-0044,DEV-009,Power Module,60000,HW-B,SYN-CMP-000044,In Service
CMP-0045,DEV-009,Cooling Fan,35000,HW-B,SYN-CMP-000045,In Service
CMP-0046,DEV-009,Temperature Sensor,50000,HW-B,SYN-CMP-000046,In Service
CMP-0047,DEV-009,Voltage Sensor,50000,HW-B,SYN-CMP-000047,In Service
CMP-0048,DEV-009,Current Sensor,50000,HW-B,SYN-CMP-000048,In Service
CMP-0049,DEV-009,Communication Module,70000,HW-B,SYN-CMP-000049,In Service
CMP-0050,DEV-009,Relay,40000,HW-B,SYN-CMP-000050,In Service
CMP-0051,DEV-009,Contactor,40000,HW-B,SYN-CMP-000051,In Service
CMP-0052,DEV-010,Inverter Controller,70000,HW-C,SYN-CMP-000052,In Service
CMP-0053,DEV-010,Power Module,60000,HW-C,SYN-CMP-000053,In Service
CMP-0054,DEV-010,Cooling Fan,35000,HW-C,SYN-CMP-000054,In Service
CMP-0055,DEV-010,Temperature Sensor,50000,HW-C,SYN-CMP-000055,In Service
CMP-0056,DEV-010,Voltage Sensor,50000,HW-C,SYN-CMP-000056,In Service
CMP-0057,DEV-010,Current Sensor,50000,HW-C,SYN-CMP-000057,In Service
CMP-0058,DEV-010,Communication Module,70000,HW-C,SYN-CMP-000058,In Service
CMP-0059,DEV-010,Relay,40000,HW-C,SYN-CMP-000059,In Service
CMP-0060,DEV-011,Gateway,80000,HW-B,SYN-CMP-000060,In Service
CMP-0061,DEV-011,Communication Module,70000,HW-B,SYN-CMP-000061,In Service
CMP-0062,DEV-011,Temperature Sensor,50000,HW-B,SYN-CMP-000062,In Service
CMP-0063,DEV-012,BMS,87600,HW-B,SYN-CMP-000063,In Service
CMP-0064,DEV-012,Power Module,60000,HW-B,SYN-CMP-000064,In Service
CMP-0065,DEV-012,Cooling Fan,35000,HW-B,SYN-CMP-000065,In Service
CMP-0066,DEV-012,Temperature Sensor,50000,HW-B,SYN-CMP-000066,In Service
CMP-0067,DEV-012,Voltage Sensor,50000,HW-B,SYN-CMP-000067,In Service
CMP-0068,DEV-012,Current Sensor,50000,HW-B,SYN-CMP-000068,In Service
CMP-0069,DEV-012,Communication Module,70000,HW-B,SYN-CMP-000069,Degraded
CMP-0070,DEV-012,Relay,40000,HW-B,SYN-CMP-000070,In Service
CMP-0071,DEV-012,Contactor,40000,HW-B,SYN-CMP-000071,In Service
CMP-0072,DEV-013,Inverter Controller,70000,HW-D,SYN-CMP-000072,In Service
CMP-0073,DEV-013,Power Module,60000,HW-D,SYN-CMP-000073,In Service
CMP-0074,DEV-013,Cooling Fan,35000,HW-D,SYN-CMP-000074,In Service
CMP-0075,DEV-013,Temperature Sensor,50000,HW-D,SYN-CMP-000075,In Service
CMP-0076,DEV-013,Voltage Sensor,50000,HW-D,SYN-CMP-000076,In Service
CMP-0077,DEV-013,Current Sensor,50000,HW-D,SYN-CMP-000077,In Service
CMP-0078,DEV-013,Communication Module,70000,HW-D,SYN-CMP-000078,In Service
CMP-0079,DEV-013,Relay,40000,HW-D,SYN-CMP-000079,In Service
CMP-0080,DEV-014,Gateway,80000,HW-B,SYN-CMP-000080,In Service
CMP-0081,DEV-014,Communication Module,70000,HW-B,SYN-CMP-000081,In Service
CMP-0082,DEV-014,Temperature Sensor,50000,HW-B,SYN-CMP-000082,In Service
CMP-0083,DEV-015,BMS,87600,HW-B,SYN-CMP-000083,In Service
CMP-0084,DEV-015,Power Module,60000,HW-B,SYN-CMP-000084,In Service
CMP-0085,DEV-015,Cooling Fan,35000,HW-B,SYN-CMP-000085,In Service
CMP-0086,DEV-015,Temperature Sensor,50000,HW-B,SYN-CMP-000086,In Service
CMP-0087,DEV-015,Voltage Sensor,50000,HW-B,SYN-CMP-000087,In Service
CMP-0088,DEV-015,Current Sensor,50000,HW-B,SYN-CMP-000088,In Service
CMP-0089,DEV-015,Communication Module,70000,HW-B,SYN-CMP-000089,In Service
CMP-0090,DEV-015,Relay,40000,HW-B,SYN-CMP-000090,In Service
CMP-0091,DEV-015,Contactor,40000,HW-B,SYN-CMP-000091,In Service
CMP-0092,DEV-016,Inverter Controller,70000,HW-B,SYN-CMP-000092,In Service
CMP-0093,DEV-016,Power Module,60000,HW-B,SYN-CMP-000093,In Service
CMP-0094,DEV-016,Cooling Fan,35000,HW-B,SYN-CMP-000094,In Service
CMP-0095,DEV-016,Temperature Sensor,50000,HW-B,SYN-CMP-000095,In Service
CMP-0096,DEV-016,Voltage Sensor,50000,HW-B,SYN-CMP-000096,In Service
CMP-0097,DEV-016,Current Sensor,50000,HW-B,SYN-CMP-000097,In Service
CMP-0098,DEV-016,Communication Module,70000,HW-B,SYN-CMP-000098,In Service
CMP-0099,DEV-016,Relay,40000,HW-B,SYN-CMP-000099,In Service
CMP-0100,DEV-017,Gateway,80000,HW-C,SYN-CMP-000100,In Service
CMP-0101,DEV-017,Communication Module,70000,HW-C,SYN-CMP-000101,In Service
CMP-0102,DEV-017,Temperature Sensor,50000,HW-C,SYN-CMP-000102,In Service
CMP-0103,DEV-018,BMS,87600,HW-A,SYN-CMP-000103,In Service
CMP-0104,DEV-018,Power Module,60000,HW-A,SYN-CMP-000104,In Service
CMP-0105,DEV-018,Cooling Fan,35000,HW-A,SYN-CMP-000105,In Service
CMP-0106,DEV-018,Temperature Sensor,50000,HW-A,SYN-CMP-000106,In Service
CMP-0107,DEV-018,Voltage Sensor,50000,HW-A,SYN-CMP-000107,In Service
CMP-0108,DEV-018,Current Sensor,50000,HW-A,SYN-CMP-000108,In Service
CMP-0109,DEV-018,Communication Module,70000,HW-A,SYN-CMP-000109,In Service
CMP-0110,DEV-018,Relay,40000,HW-A,SYN-CMP-000110,In Service
CMP-0111,DEV-018,Contactor,40000,HW-A,SYN-CMP-000111,In Service
CMP-0112,DEV-019,Inverter Controller,70000,HW-B,SYN-CMP-000112,In Service
CMP-0113,DEV-019,Power Module,60000,HW-B,SYN-CMP-000113,In Service
CMP-0114,DEV-019,Cooling Fan,35000,HW-B,SYN-CMP-000114,In Service
CMP-0115,DEV-019,Temperature Sensor,50000,HW-B,SYN-CMP-000115,In Service
CMP-0116,DEV-019,Voltage Sensor,50000,HW-B,SYN-CMP-000116,In Service
CMP-0117,DEV-019,Current Sensor,50000,HW-B,SYN-CMP-000117,In Service
CMP-0118,DEV-019,Communication Module,70000,HW-B,SYN-CMP-000118,In Service
CMP-0119,DEV-019,Relay,40000,HW-B,SYN-CMP-000119,In Service
CMP-0120,DEV-020,Gateway,80000,HW-D,SYN-CMP-000120,In Service
CMP-0121,DEV-020,Communication Module,70000,HW-D,SYN-CMP-000121,In Service
CMP-0122,DEV-020,Temperature Sensor,50000,HW-D,SYN-CMP-000122,In Service
CMP-0123,DEV-021,Voltage Sensor,50000,HW-B,SYN-CMP-000123,In Service
CMP-0124,DEV-022,Temperature Sensor,50000,HW-B,SYN-CMP-000124,In Service
CMP-0125,DEV-023,BMS,87600,HW-B,SYN-CMP-000125,In Service
CMP-0126,DEV-023,Power Module,60000,HW-B,SYN-CMP-000126,In Service
CMP-0127,DEV-023,Cooling Fan,35000,HW-B,SYN-CMP-000127,In Service
CMP-0128,DEV-023,Temperature Sensor,50000,HW-B,SYN-CMP-000128,In Service
CMP-0129,DEV-023,Voltage Sensor,50000,HW-B,SYN-CMP-000129,In Service
CMP-0130,DEV-023,Current Sensor,50000,HW-B,SYN-CMP-000130,In Service
CMP-0131,DEV-023,Communication Module,70000,HW-B,SYN-CMP-000131,In Service
CMP-0132,DEV-023,Relay,40000,HW-B,SYN-CMP-000132,In Service
CMP-0133,DEV-023,Contactor,40000,HW-B,SYN-CMP-000133,In Service
CMP-0134,DEV-024,Inverter Controller,70000,HW-C,SYN-CMP-000134,In Service
CMP-0135,DEV-024,Power Module,60000,HW-C,SYN-CMP-000135,In Service
CMP-0136,DEV-024,Cooling Fan,35000,HW-C,SYN-CMP-000136,In Service
CMP-0137,DEV-024,Temperature Sensor,50000,HW-C,SYN-CMP-000137,In Service
CMP-0138,DEV-024,Voltage Sensor,50000,HW-C,SYN-CMP-000138,In Service
CMP-0139,DEV-024,Current Sensor,50000,HW-C,SYN-CMP-000139,In Service
CMP-0140,DEV-024,Communication Module,70000,HW-C,SYN-CMP-000140,In Service
CMP-0141,DEV-024,Relay,40000,HW-C,SYN-CMP-000141,In Service
CMP-0142,DEV-025,Gateway,80000,HW-B,SYN-CMP-000142,Degraded
CMP-0143,DEV-025,Communication Module,70000,HW-B,SYN-CMP-000143,Failed
CMP-0144,DEV-025,Temperature Sensor,50000,HW-B,SYN-CMP-000144,In Service
CMP-0145,DEV-026,BMS,87600,HW-C,SYN-CMP-000145,In Service
CMP-0146,DEV-026,Power Module,60000,HW-C,SYN-CMP-000146,Degraded
CMP-0147,DEV-026,Cooling Fan,35000,HW-C,SYN-CMP-000147,In Service
CMP-0148,DEV-026,Temperature Sensor,50000,HW-C,SYN-CMP-000148,In Service
CMP-0149,DEV-026,Voltage Sensor,50000,HW-C,SYN-CMP-000149,In Service
CMP-0150,DEV-026,Current Sensor,50000,HW-C,SYN-CMP-000150,In Service
CMP-0151,DEV-026,Communication Module,70000,HW-C,SYN-CMP-000151,In Service
CMP-0152,DEV-026,Relay,40000,HW-C,SYN-CMP-000152,In Service
CMP-0153,DEV-026,Contactor,40000,HW-C,SYN-CMP-000153,In Service
CMP-0154,DEV-027,Inverter Controller,70000,HW-D,SYN-CMP-000154,In Service
CMP-0155,DEV-027,Power Module,60000,HW-D,SYN-CMP-000155,In Service
CMP-0156,DEV-027,Cooling Fan,35000,HW-D,SYN-CMP-000156,In Service
CMP-0157,DEV-027,Temperature Sensor,50000,HW-D,SYN-CMP-000157,In Service
CMP-0158,DEV-027,Voltage Sensor,50000,HW-D,SYN-CMP-000158,In Service
CMP-0159,DEV-027,Current Sensor,50000,HW-D,SYN-CMP-000159,In Service
CMP-0160,DEV-027,Communication Module,70000,HW-D,SYN-CMP-000160,In Service
CMP-0161,DEV-027,Relay,40000,HW-D,SYN-CMP-000161,In Service
CMP-0162,DEV-028,Gateway,80000,HW-B,SYN-CMP-000162,In Service
CMP-0163,DEV-028,Communication Module,70000,HW-B,SYN-CMP-000163,In Service
CMP-0164,DEV-028,Temperature Sensor,50000,HW-B,SYN-CMP-000164,In Service
CMP-0165,DEV-029,Voltage Sensor,50000,HW-B,SYN-CMP-000165,In Service
CMP-0166,DEV-030,Temperature Sensor,50000,HW-B,SYN-CMP-000166,In Service
CMP-0167,DEV-031,BMS,87600,HW-C,SYN-CMP-000167,In Service
CMP-0168,DEV-031,Power Module,60000,HW-C,SYN-CMP-000168,Degraded
CMP-0169,DEV-031,Cooling Fan,35000,HW-C,SYN-CMP-000169,In Service
CMP-0170,DEV-031,Temperature Sensor,50000,HW-C,SYN-CMP-000170,In Service
CMP-0171,DEV-031,Voltage Sensor,50000,HW-C,SYN-CMP-000171,In Service
CMP-0172,DEV-031,Current Sensor,50000,HW-C,SYN-CMP-000172,In Service
CMP-0173,DEV-031,Communication Module,70000,HW-C,SYN-CMP-000173,In Service
CMP-0174,DEV-031,Relay,40000,HW-C,SYN-CMP-000174,In Service
CMP-0175,DEV-031,Contactor,40000,HW-C,SYN-CMP-000175,In Service
CMP-0176,DEV-032,Inverter Controller,70000,HW-A,SYN-CMP-000176,In Service
CMP-0177,DEV-032,Power Module,60000,HW-A,SYN-CMP-000177,In Service
CMP-0178,DEV-032,Cooling Fan,35000,HW-A,SYN-CMP-000178,In Service
CMP-0179,DEV-032,Temperature Sensor,50000,HW-A,SYN-CMP-000179,In Service
CMP-0180,DEV-032,Voltage Sensor,50000,HW-A,SYN-CMP-000180,In Service
CMP-0181,DEV-032,Current Sensor,50000,HW-A,SYN-CMP-000181,In Service
CMP-0182,DEV-032,Communication Module,70000,HW-A,SYN-CMP-000182,In Service
CMP-0183,DEV-032,Relay,40000,HW-A,SYN-CMP-000183,In Service
CMP-0184,DEV-033,Gateway,80000,HW-B,SYN-CMP-000184,In Service
CMP-0185,DEV-033,Communication Module,70000,HW-B,SYN-CMP-000185,In Service
CMP-0186,DEV-033,Temperature Sensor,50000,HW-B,SYN-CMP-000186,In Service
CMP-0187,DEV-034,BMS,87600,HW-C,SYN-CMP-000187,In Service
CMP-0188,DEV-034,Power Module,60000,HW-C,SYN-CMP-000188,Degraded
CMP-0189,DEV-034,Cooling Fan,35000,HW-C,SYN-CMP-000189,In Service
CMP-0190,DEV-034,Temperature Sensor,50000,HW-C,SYN-CMP-000190,In Service
CMP-0191,DEV-034,Voltage Sensor,50000,HW-C,SYN-CMP-000191,In Service
CMP-0192,DEV-034,Current Sensor,50000,HW-C,SYN-CMP-000192,In Service
CMP-0193,DEV-034,Communication Module,70000,HW-C,SYN-CMP-000193,In Service
CMP-0194,DEV-034,Relay,40000,HW-C,SYN-CMP-000194,In Service
CMP-0195,DEV-034,Contactor,40000,HW-C,SYN-CMP-000195,In Service
CMP-0196,DEV-035,Inverter Controller,70000,HW-B,SYN-CMP-000196,In Service
CMP-0197,DEV-035,Power Module,60000,HW-B,SYN-CMP-000197,In Service
CMP-0198,DEV-035,Cooling Fan,35000,HW-B,SYN-CMP-000198,In Service
CMP-0199,DEV-035,Temperature Sensor,50000,HW-B,SYN-CMP-000199,In Service
CMP-0200,DEV-035,Voltage Sensor,50000,HW-B,SYN-CMP-000200,In Service
CMP-0201,DEV-035,Current Sensor,50000,HW-B,SYN-CMP-000201,In Service
CMP-0202,DEV-035,Communication Module,70000,HW-B,SYN-CMP-000202,In Service
CMP-0203,DEV-035,Relay,40000,HW-B,SYN-CMP-000203,In Service
CMP-0204,DEV-036,Gateway,80000,HW-B,SYN-CMP-000204,In Service
CMP-0205,DEV-036,Communication Module,70000,HW-B,SYN-CMP-000205,In Service
CMP-0206,DEV-036,Temperature Sensor,50000,HW-B,SYN-CMP-000206,In Service
CMP-0207,DEV-037,BMS,87600,HW-B,SYN-CMP-000207,In Service
CMP-0208,DEV-037,Power Module,60000,HW-B,SYN-CMP-000208,In Service
CMP-0209,DEV-037,Cooling Fan,35000,HW-B,SYN-CMP-000209,In Service
CMP-0210,DEV-037,Temperature Sensor,50000,HW-B,SYN-CMP-000210,Replaced
CMP-0211,DEV-037,Voltage Sensor,50000,HW-B,SYN-CMP-000211,In Service
CMP-0212,DEV-037,Current Sensor,50000,HW-B,SYN-CMP-000212,In Service
CMP-0213,DEV-037,Communication Module,70000,HW-B,SYN-CMP-000213,In Service
CMP-0214,DEV-037,Relay,40000,HW-B,SYN-CMP-000214,In Service
CMP-0215,DEV-037,Contactor,40000,HW-B,SYN-CMP-000215,In Service
CMP-0216,DEV-037,Temperature Sensor,50000,HW-D,SYN-CMP-000216,In Service
CMP-0217,DEV-038,Inverter Controller,70000,HW-C,SYN-CMP-000217,In Service
CMP-0218,DEV-038,Power Module,60000,HW-C,SYN-CMP-000218,In Service
CMP-0219,DEV-038,Cooling Fan,35000,HW-C,SYN-CMP-000219,In Service
CMP-0220,DEV-038,Temperature Sensor,50000,HW-C,SYN-CMP-000220,In Service
CMP-0221,DEV-038,Voltage Sensor,50000,HW-C,SYN-CMP-000221,In Service
CMP-0222,DEV-038,Current Sensor,50000,HW-C,SYN-CMP-000222,In Service
CMP-0223,DEV-038,Communication Module,70000,HW-C,SYN-CMP-000223,In Service
CMP-0224,DEV-038,Relay,40000,HW-C,SYN-CMP-000224,In Service
CMP-0225,DEV-039,Gateway,80000,HW-A,SYN-CMP-000225,In Service
CMP-0226,DEV-039,Communication Module,70000,HW-A,SYN-CMP-000226,In Service
CMP-0227,DEV-039,Temperature Sensor,50000,HW-A,SYN-CMP-000227,In Service
CMP-0228,DEV-040,Temperature Sensor,50000,HW-B,SYN-CMP-000228,In Service
CMP-0229,DEV-041,Voltage Sensor,50000,HW-D,SYN-CMP-000229,In Service
CMP-0230,DEV-042,BMS,87600,HW-B,SYN-CMP-000230,In Service
CMP-0231,DEV-042,Power Module,60000,HW-B,SYN-CMP-000231,In Service
CMP-0232,DEV-042,Cooling Fan,35000,HW-B,SYN-CMP-000232,In Service
CMP-0233,DEV-042,Temperature Sensor,50000,HW-B,SYN-CMP-000233,In Service
CMP-0234,DEV-042,Voltage Sensor,50000,HW-B,SYN-CMP-000234,In Service
CMP-0235,DEV-042,Current Sensor,50000,HW-B,SYN-CMP-000235,In Service
CMP-0236,DEV-042,Communication Module,70000,HW-B,SYN-CMP-000236,In Service
CMP-0237,DEV-042,Relay,40000,HW-B,SYN-CMP-000237,In Service
CMP-0238,DEV-042,Contactor,40000,HW-B,SYN-CMP-000238,In Service
CMP-0239,DEV-043,Inverter Controller,70000,HW-B,SYN-CMP-000239,In Service
CMP-0240,DEV-043,Power Module,60000,HW-B,SYN-CMP-000240,Failed
CMP-0241,DEV-043,Cooling Fan,35000,HW-B,SYN-CMP-000241,In Service
CMP-0242,DEV-043,Temperature Sensor,50000,HW-B,SYN-CMP-000242,In Service
CMP-0243,DEV-043,Voltage Sensor,50000,HW-B,SYN-CMP-000243,In Service
CMP-0244,DEV-043,Current Sensor,50000,HW-B,SYN-CMP-000244,In Service
CMP-0245,DEV-043,Communication Module,70000,HW-B,SYN-CMP-000245,In Service
CMP-0246,DEV-043,Relay,40000,HW-B,SYN-CMP-000246,In Service
CMP-0247,DEV-044,Gateway,80000,HW-B,SYN-CMP-000247,In Service
CMP-0248,DEV-044,Communication Module,70000,HW-B,SYN-CMP-000248,In Service
CMP-0249,DEV-044,Temperature Sensor,50000,HW-B,SYN-CMP-000249,In Service
CMP-0250,DEV-045,BMS,87600,HW-B,SYN-CMP-000250,In Service
CMP-0251,DEV-045,Power Module,60000,HW-B,SYN-CMP-000251,In Service
CMP-0252,DEV-045,Cooling Fan,35000,HW-B,SYN-CMP-000252,In Service
CMP-0253,DEV-045,Temperature Sensor,50000,HW-B,SYN-CMP-000253,In Service
CMP-0254,DEV-045,Voltage Sensor,50000,HW-B,SYN-CMP-000254,In Service
CMP-0255,DEV-045,Current Sensor,50000,HW-B,SYN-CMP-000255,In Service
CMP-0256,DEV-045,Communication Module,70000,HW-B,SYN-CMP-000256,In Service
CMP-0257,DEV-045,Relay,40000,HW-B,SYN-CMP-000257,In Service
CMP-0258,DEV-045,Contactor,40000,HW-B,SYN-CMP-000258,In Service
CMP-0259,DEV-046,Inverter Controller,70000,HW-A,SYN-CMP-000259,In Service
CMP-0260,DEV-046,Power Module,60000,HW-A,SYN-CMP-000260,In Service
CMP-0261,DEV-046,Cooling Fan,35000,HW-A,SYN-CMP-000261,In Service
CMP-0262,DEV-046,Temperature Sensor,50000,HW-A,SYN-CMP-000262,In Service
CMP-0263,DEV-046,Voltage Sensor,50000,HW-A,SYN-CMP-000263,In Service
CMP-0264,DEV-046,Current Sensor,50000,HW-A,SYN-CMP-000264,In Service
CMP-0265,DEV-046,Communication Module,70000,HW-A,SYN-CMP-000265,In Service
CMP-0266,DEV-046,Relay,40000,HW-A,SYN-CMP-000266,In Service
CMP-0267,DEV-047,Gateway,80000,HW-B,SYN-CMP-000267,In Service
CMP-0268,DEV-047,Communication Module,70000,HW-B,SYN-CMP-000268,In Service
CMP-0269,DEV-047,Temperature Sensor,50000,HW-B,SYN-CMP-000269,In Service
CMP-0270,DEV-048,BMS,87600,HW-D,SYN-CMP-000270,In Service
CMP-0271,DEV-048,Power Module,60000,HW-D,SYN-CMP-000271,In Service
CMP-0272,DEV-048,Cooling Fan,35000,HW-D,SYN-CMP-000272,In Service
CMP-0273,DEV-048,Temperature Sensor,50000,HW-D,SYN-CMP-000273,In Service
CMP-0274,DEV-048,Voltage Sensor,50000,HW-D,SYN-CMP-000274,In Service
CMP-0275,DEV-048,Current Sensor,50000,HW-D,SYN-CMP-000275,In Service
CMP-0276,DEV-048,Communication Module,70000,HW-D,SYN-CMP-000276,In Service
CMP-0277,DEV-048,Relay,40000,HW-D,SYN-CMP-000277,In Service
CMP-0278,DEV-048,Contactor,40000,HW-D,SYN-CMP-000278,In Service
CMP-0279,DEV-049,Inverter Controller,70000,HW-B,SYN-CMP-000279,In Service
CMP-0280,DEV-049,Power Module,60000,HW-B,SYN-CMP-000280,In Service
CMP-0281,DEV-049,Cooling Fan,35000,HW-B,SYN-CMP-000281,In Service
CMP-0282,DEV-049,Temperature Sensor,50000,HW-B,SYN-CMP-000282,In Service
CMP-0283,DEV-049,Voltage Sensor,50000,HW-B,SYN-CMP-000283,In Service
CMP-0284,DEV-049,Current Sensor,50000,HW-B,SYN-CMP-000284,In Service
CMP-0285,DEV-049,Communication Module,70000,HW-B,SYN-CMP-000285,In Service
CMP-0286,DEV-049,Relay,40000,HW-B,SYN-CMP-000286,In Service
CMP-0287,DEV-050,Gateway,80000,HW-B,SYN-CMP-000287,In Service
CMP-0288,DEV-050,Communication Module,70000,HW-B,SYN-CMP-000288,In Service
CMP-0289,DEV-050,Temperature Sensor,50000,HW-B,SYN-CMP-000289,In Service
CMP-0290,DEV-051,BMS,87600,HW-B,SYN-CMP-000290,In Service
CMP-0291,DEV-051,Power Module,60000,HW-B,SYN-CMP-000291,In Service
CMP-0292,DEV-051,Cooling Fan,35000,HW-B,SYN-CMP-000292,In Service
CMP-0293,DEV-051,Temperature Sensor,50000,HW-B,SYN-CMP-000293,In Service
CMP-0294,DEV-051,Voltage Sensor,50000,HW-B,SYN-CMP-000294,In Service
CMP-0295,DEV-051,Current Sensor,50000,HW-B,SYN-CMP-000295,In Service
CMP-0296,DEV-051,Communication Module,70000,HW-B,SYN-CMP-000296,In Service
CMP-0297,DEV-051,Relay,40000,HW-B,SYN-CMP-000297,In Service
CMP-0298,DEV-051,Contactor,40000,HW-B,SYN-CMP-000298,In Service
CMP-0299,DEV-052,Inverter Controller,70000,HW-C,SYN-CMP-000299,In Service
CMP-0300,DEV-052,Power Module,60000,HW-C,SYN-CMP-000300,In Service
CMP-0301,DEV-052,Cooling Fan,35000,HW-C,SYN-CMP-000301,In Service
CMP-0302,DEV-052,Temperature Sensor,50000,HW-C,SYN-CMP-000302,In Service
CMP-0303,DEV-052,Voltage Sensor,50000,HW-C,SYN-CMP-000303,In Service
CMP-0304,DEV-052,Current Sensor,50000,HW-C,SYN-CMP-000304,In Service
CMP-0305,DEV-052,Communication Module,70000,HW-C,SYN-CMP-000305,In Service
CMP-0306,DEV-052,Relay,40000,HW-C,SYN-CMP-000306,In Service
CMP-0307,DEV-053,Gateway,80000,HW-A,SYN-CMP-000307,In Service
CMP-0308,DEV-053,Communication Module,70000,HW-A,SYN-CMP-000308,In Service
CMP-0309,DEV-053,Temperature Sensor,50000,HW-A,SYN-CMP-000309,In Service
CMP-0310,DEV-054,BMS,87600,HW-B,SYN-CMP-000310,In Service
CMP-0311,DEV-054,Power Module,60000,HW-B,SYN-CMP-000311,In Service
CMP-0312,DEV-054,Cooling Fan,35000,HW-B,SYN-CMP-000312,In Service
CMP-0313,DEV-054,Temperature Sensor,50000,HW-B,SYN-CMP-000313,In Service
CMP-0314,DEV-054,Voltage Sensor,50000,HW-B,SYN-CMP-000314,In Service
CMP-0315,DEV-054,Current Sensor,50000,HW-B,SYN-CMP-000315,In Service
CMP-0316,DEV-054,Communication Module,70000,HW-B,SYN-CMP-000316,In Service
CMP-0317,DEV-054,Relay,40000,HW-B,SYN-CMP-000317,In Service
CMP-0318,DEV-054,Contactor,40000,HW-B,SYN-CMP-000318,In Service
CMP-0319,DEV-055,Inverter Controller,70000,HW-D,SYN-CMP-000319,In Service
CMP-0320,DEV-055,Power Module,60000,HW-D,SYN-CMP-000320,In Service
CMP-0321,DEV-055,Cooling Fan,35000,HW-D,SYN-CMP-000321,In Service
CMP-0322,DEV-055,Temperature Sensor,50000,HW-D,SYN-CMP-000322,In Service
CMP-0323,DEV-055,Voltage Sensor,50000,HW-D,SYN-CMP-000323,In Service
CMP-0324,DEV-055,Current Sensor,50000,HW-D,SYN-CMP-000324,In Service
CMP-0325,DEV-055,Communication Module,70000,HW-D,SYN-CMP-000325,In Service
CMP-0326,DEV-055,Relay,40000,HW-D,SYN-CMP-000326,In Service
CMP-0327,DEV-056,Gateway,80000,HW-B,SYN-CMP-000327,In Service
CMP-0328,DEV-056,Communication Module,70000,HW-B,SYN-CMP-000328,In Service
CMP-0329,DEV-056,Temperature Sensor,50000,HW-B,SYN-CMP-000329,In Service
CMP-0330,DEV-057,Voltage Sensor,50000,HW-B,SYN-CMP-000330,In Service
CMP-0331,DEV-058,Temperature Sensor,50000,HW-B,SYN-CMP-000331,In Service
CMP-0332,DEV-059,BMS,87600,HW-C,SYN-CMP-000332,In Service
CMP-0333,DEV-059,Power Module,60000,HW-C,SYN-CMP-000333,In Service
CMP-0334,DEV-059,Cooling Fan,35000,HW-C,SYN-CMP-000334,In Service
CMP-0335,DEV-059,Temperature Sensor,50000,HW-C,SYN-CMP-000335,In Service
CMP-0336,DEV-059,Voltage Sensor,50000,HW-C,SYN-CMP-000336,In Service
CMP-0337,DEV-059,Current Sensor,50000,HW-C,SYN-CMP-000337,In Service
CMP-0338,DEV-059,Communication Module,70000,HW-C,SYN-CMP-000338,In Service
CMP-0339,DEV-059,Relay,40000,HW-C,SYN-CMP-000339,In Service
CMP-0340,DEV-059,Contactor,40000,HW-C,SYN-CMP-000340,In Service
CMP-0341,DEV-060,Inverter Controller,70000,HW-A,SYN-CMP-000341,In Service
CMP-0342,DEV-060,Power Module,60000,HW-A,SYN-CMP-000342,In Service
CMP-0343,DEV-060,Cooling Fan,35000,HW-A,SYN-CMP-000343,In Service
CMP-0344,DEV-060,Temperature Sensor,50000,HW-A,SYN-CMP-000344,In Service
CMP-0345,DEV-060,Voltage Sensor,50000,HW-A,SYN-CMP-000345,In Service
CMP-0346,DEV-060,Current Sensor,50000,HW-A,SYN-CMP-000346,In Service
CMP-0347,DEV-060,Communication Module,70000,HW-A,SYN-CMP-000347,In Service
CMP-0348,DEV-060,Relay,40000,HW-A,SYN-CMP-000348,In Service
CMP-0349,DEV-061,Gateway,80000,HW-B,SYN-CMP-000349,In Service
CMP-0350,DEV-061,Communication Module,70000,HW-B,SYN-CMP-000350,In Service
CMP-0351,DEV-061,Temperature Sensor,50000,HW-B,SYN-CMP-000351,In Service
CMP-0352,DEV-062,BMS,87600,HW-B,SYN-CMP-000352,In Service
CMP-0353,DEV-062,Power Module,60000,HW-B,SYN-CMP-000353,In Service
CMP-0354,DEV-062,Cooling Fan,35000,HW-B,SYN-CMP-000354,In Service
CMP-0355,DEV-062,Temperature Sensor,50000,HW-B,SYN-CMP-000355,In Service
CMP-0356,DEV-062,Voltage Sensor,50000,HW-B,SYN-CMP-000356,In Service
CMP-0357,DEV-062,Current Sensor,50000,HW-B,SYN-CMP-000357,In Service
CMP-0358,DEV-062,Communication Module,70000,HW-B,SYN-CMP-000358,In Service
CMP-0359,DEV-062,Relay,40000,HW-B,SYN-CMP-000359,In Service
CMP-0360,DEV-062,Contactor,40000,HW-B,SYN-CMP-000360,In Service
CMP-0361,DEV-063,Inverter Controller,70000,HW-B,SYN-CMP-000361,In Service
CMP-0362,DEV-063,Power Module,60000,HW-B,SYN-CMP-000362,In Service
CMP-0363,DEV-063,Cooling Fan,35000,HW-B,SYN-CMP-000363,In Service
CMP-0364,DEV-063,Temperature Sensor,50000,HW-B,SYN-CMP-000364,In Service
CMP-0365,DEV-063,Voltage Sensor,50000,HW-B,SYN-CMP-000365,In Service
CMP-0366,DEV-063,Current Sensor,50000,HW-B,SYN-CMP-000366,In Service
CMP-0367,DEV-063,Communication Module,70000,HW-B,SYN-CMP-000367,In Service
CMP-0368,DEV-063,Relay,40000,HW-B,SYN-CMP-000368,In Service
CMP-0369,DEV-064,Gateway,80000,HW-B,SYN-CMP-000369,In Service
CMP-0370,DEV-064,Communication Module,70000,HW-B,SYN-CMP-000370,In Service
CMP-0371,DEV-064,Temperature Sensor,50000,HW-B,SYN-CMP-000371,In Service
CMP-0372,DEV-065,BMS,87600,HW-B,SYN-CMP-000372,In Service
CMP-0373,DEV-065,Power Module,60000,HW-B,SYN-CMP-000373,In Service
CMP-0374,DEV-065,Cooling Fan,35000,HW-B,SYN-CMP-000374,In Service
CMP-0375,DEV-065,Temperature Sensor,50000,HW-B,SYN-CMP-000375,In Service
CMP-0376,DEV-065,Voltage Sensor,50000,HW-B,SYN-CMP-000376,In Service
CMP-0377,DEV-065,Current Sensor,50000,HW-B,SYN-CMP-000377,In Service
CMP-0378,DEV-065,Communication Module,70000,HW-B,SYN-CMP-000378,In Service
CMP-0379,DEV-065,Relay,40000,HW-B,SYN-CMP-000379,In Service
CMP-0380,DEV-065,Contactor,40000,HW-B,SYN-CMP-000380,In Service
CMP-0381,DEV-066,Inverter Controller,70000,HW-B,SYN-CMP-000381,In Service
CMP-0382,DEV-066,Power Module,60000,HW-B,SYN-CMP-000382,In Service
CMP-0383,DEV-066,Cooling Fan,35000,HW-B,SYN-CMP-000383,In Service
CMP-0384,DEV-066,Temperature Sensor,50000,HW-B,SYN-CMP-000384,In Service
CMP-0385,DEV-066,Voltage Sensor,50000,HW-B,SYN-CMP-000385,In Service
CMP-0386,DEV-066,Current Sensor,50000,HW-B,SYN-CMP-000386,In Service
CMP-0387,DEV-066,Communication Module,70000,HW-B,SYN-CMP-000387,In Service
CMP-0388,DEV-066,Relay,40000,HW-B,SYN-CMP-000388,In Service
CMP-0389,DEV-067,Gateway,80000,HW-A,SYN-CMP-000389,In Service
CMP-0390,DEV-067,Communication Module,70000,HW-A,SYN-CMP-000390,In Service
CMP-0391,DEV-067,Temperature Sensor,50000,HW-A,SYN-CMP-000391,In Service
CMP-0392,DEV-068,Temperature Sensor,50000,HW-B,SYN-CMP-000392,In Service
CMP-0393,DEV-069,Voltage Sensor,50000,HW-D,SYN-CMP-000393,In Service
CMP-0394,DEV-070,BMS,87600,HW-B,SYN-CMP-000394,In Service
CMP-0395,DEV-070,Power Module,60000,HW-B,SYN-CMP-000395,In Service
CMP-0396,DEV-070,Cooling Fan,35000,HW-B,SYN-CMP-000396,In Service
CMP-0397,DEV-070,Temperature Sensor,50000,HW-B,SYN-CMP-000397,In Service
CMP-0398,DEV-070,Voltage Sensor,50000,HW-B,SYN-CMP-000398,In Service
CMP-0399,DEV-070,Current Sensor,50000,HW-B,SYN-CMP-000399,In Service
CMP-0400,DEV-070,Communication Module,70000,HW-B,SYN-CMP-000400,In Service
CMP-0401,DEV-070,Relay,40000,HW-B,SYN-CMP-000401,In Service
CMP-0402,DEV-070,Contactor,40000,HW-B,SYN-CMP-000402,In Service
CMP-0403,DEV-071,BMS,87600,HW-B,SYN-CMP-000403,In Service
CMP-0404,DEV-071,Power Module,60000,HW-B,SYN-CMP-000404,In Service
CMP-0405,DEV-071,Cooling Fan,35000,HW-B,SYN-CMP-000405,In Service
CMP-0406,DEV-071,Temperature Sensor,50000,HW-B,SYN-CMP-000406,In Service
CMP-0407,DEV-071,Voltage Sensor,50000,HW-B,SYN-CMP-000407,In Service
CMP-0408,DEV-071,Current Sensor,50000,HW-B,SYN-CMP-000408,In Service
CMP-0409,DEV-071,Communication Module,70000,HW-B,SYN-CMP-000409,In Service
CMP-0410,DEV-071,Relay,40000,HW-B,SYN-CMP-000410,In Service
CMP-0411,DEV-071,Contactor,40000,HW-B,SYN-CMP-000411,In Service
CMP-0412,DEV-072,Inverter Controller,70000,HW-B,SYN-CMP-000412,In Service
CMP-0413,DEV-072,Power Module,60000,HW-B,SYN-CMP-000413,In Service
CMP-0414,DEV-072,Cooling Fan,35000,HW-B,SYN-CMP-000414,In Service
CMP-0415,DEV-072,Temperature Sensor,50000,HW-B,SYN-CMP-000415,In Service
CMP-0416,DEV-072,Voltage Sensor,50000,HW-B,SYN-CMP-000416,In Service
CMP-0417,DEV-072,Current Sensor,50000,HW-B,SYN-CMP-000417,In Service
CMP-0418,DEV-072,Communication Module,70000,HW-B,SYN-CMP-000418,In Service
CMP-0419,DEV-072,Relay,40000,HW-B,SYN-CMP-000419,In Service
CMP-0420,DEV-073,Gateway,80000,HW-C,SYN-CMP-000420,In Service
CMP-0421,DEV-073,Communication Module,70000,HW-C,SYN-CMP-000421,In Service
CMP-0422,DEV-073,Temperature Sensor,50000,HW-C,SYN-CMP-000422,In Service
CMP-0423,DEV-074,Temperature Sensor,50000,HW-A,SYN-CMP-000423,In Service
CMP-0424,DEV-075,BMS,87600,HW-B,SYN-CMP-000424,In Service
CMP-0425,DEV-075,Power Module,60000,HW-B,SYN-CMP-000425,In Service
CMP-0426,DEV-075,Cooling Fan,35000,HW-B,SYN-CMP-000426,In Service
CMP-0427,DEV-075,Temperature Sensor,50000,HW-B,SYN-CMP-000427,In Service
CMP-0428,DEV-075,Voltage Sensor,50000,HW-B,SYN-CMP-000428,In Service
CMP-0429,DEV-075,Current Sensor,50000,HW-B,SYN-CMP-000429,In Service
CMP-0430,DEV-075,Communication Module,70000,HW-B,SYN-CMP-000430,In Service
CMP-0431,DEV-075,Relay,40000,HW-B,SYN-CMP-000431,In Service
CMP-0432,DEV-075,Contactor,40000,HW-B,SYN-CMP-000432,In Service
CMP-0433,DEV-076,BMS,87600,HW-D,SYN-CMP-000433,In Service
CMP-0434,DEV-076,Power Module,60000,HW-D,SYN-CMP-000434,In Service
CMP-0435,DEV-076,Cooling Fan,35000,HW-D,SYN-CMP-000435,In Service
CMP-0436,DEV-076,Temperature Sensor,50000,HW-D,SYN-CMP-000436,In Service
CMP-0437,DEV-076,Voltage Sensor,50000,HW-D,SYN-CMP-000437,In Service
CMP-0438,DEV-076,Current Sensor,50000,HW-D,SYN-CMP-000438,In Service
CMP-0439,DEV-076,Communication Module,70000,HW-D,SYN-CMP-000439,In Service
CMP-0440,DEV-076,Relay,40000,HW-D,SYN-CMP-000440,In Service
CMP-0441,DEV-076,Contactor,40000,HW-D,SYN-CMP-000441,In Service
CMP-0442,DEV-077,Inverter Controller,70000,HW-B,SYN-CMP-000442,In Service
CMP-0443,DEV-077,Power Module,60000,HW-B,SYN-CMP-000443,In Service
CMP-0444,DEV-077,Cooling Fan,35000,HW-B,SYN-CMP-000444,In Service
CMP-0445,DEV-077,Temperature Sensor,50000,HW-B,SYN-CMP-000445,In Service
CMP-0446,DEV-077,Voltage Sensor,50000,HW-B,SYN-CMP-000446,In Service
CMP-0447,DEV-077,Current Sensor,50000,HW-B,SYN-CMP-000447,In Service
CMP-0448,DEV-077,Communication Module,70000,HW-B,SYN-CMP-000448,In Service
CMP-0449,DEV-077,Relay,40000,HW-B,SYN-CMP-000449,In Service
CMP-0450,DEV-078,Gateway,80000,HW-B,SYN-CMP-000450,In Service
CMP-0451,DEV-078,Communication Module,70000,HW-B,SYN-CMP-000451,In Service
CMP-0452,DEV-078,Temperature Sensor,50000,HW-B,SYN-CMP-000452,In Service
CMP-0453,DEV-079,Voltage Sensor,50000,HW-B,SYN-CMP-000453,In Service
CMP-0454,DEV-080,BMS,87600,HW-C,SYN-CMP-000454,In Service
CMP-0455,DEV-080,Power Module,60000,HW-C,SYN-CMP-000455,In Service
CMP-0456,DEV-080,Cooling Fan,35000,HW-C,SYN-CMP-000456,In Service
CMP-0457,DEV-080,Temperature Sensor,50000,HW-C,SYN-CMP-000457,In Service
CMP-0458,DEV-080,Voltage Sensor,50000,HW-C,SYN-CMP-000458,In Service
CMP-0459,DEV-080,Current Sensor,50000,HW-C,SYN-CMP-000459,In Service
CMP-0460,DEV-080,Communication Module,70000,HW-C,SYN-CMP-000460,In Service
CMP-0461,DEV-080,Relay,40000,HW-C,SYN-CMP-000461,In Service
CMP-0462,DEV-080,Contactor,40000,HW-C,SYN-CMP-000462,In Service
CMP-0463,DEV-081,BMS,87600,HW-A,SYN-CMP-000463,In Service
CMP-0464,DEV-081,Power Module,60000,HW-A,SYN-CMP-000464,In Service
CMP-0465,DEV-081,Cooling Fan,35000,HW-A,SYN-CMP-000465,In Service
CMP-0466,DEV-081,Temperature Sensor,50000,HW-A,SYN-CMP-000466,In Service
CMP-0467,DEV-081,Voltage Sensor,50000,HW-A,SYN-CMP-000467,In Service
CMP-0468,DEV-081,Current Sensor,50000,HW-A,SYN-CMP-000468,In Service
CMP-0469,DEV-081,Communication Module,70000,HW-A,SYN-CMP-000469,In Service
CMP-0470,DEV-081,Relay,40000,HW-A,SYN-CMP-000470,In Service
CMP-0471,DEV-081,Contactor,40000,HW-A,SYN-CMP-000471,In Service
CMP-0472,DEV-082,Inverter Controller,70000,HW-B,SYN-CMP-000472,In Service
CMP-0473,DEV-082,Power Module,60000,HW-B,SYN-CMP-000473,In Service
CMP-0474,DEV-082,Cooling Fan,35000,HW-B,SYN-CMP-000474,In Service
CMP-0475,DEV-082,Temperature Sensor,50000,HW-B,SYN-CMP-000475,In Service
CMP-0476,DEV-082,Voltage Sensor,50000,HW-B,SYN-CMP-000476,In Service
CMP-0477,DEV-082,Current Sensor,50000,HW-B,SYN-CMP-000477,In Service
CMP-0478,DEV-082,Communication Module,70000,HW-B,SYN-CMP-000478,In Service
CMP-0479,DEV-082,Relay,40000,HW-B,SYN-CMP-000479,In Service
CMP-0480,DEV-083,Gateway,80000,HW-D,SYN-CMP-000480,In Service
CMP-0481,DEV-083,Communication Module,70000,HW-D,SYN-CMP-000481,In Service
CMP-0482,DEV-083,Temperature Sensor,50000,HW-D,SYN-CMP-000482,In Service
CMP-0483,DEV-084,Temperature Sensor,50000,HW-B,SYN-CMP-000483,In Service
CMP-0484,DEV-085,BMS,87600,HW-B,SYN-CMP-000484,In Service
CMP-0485,DEV-085,Power Module,60000,HW-B,SYN-CMP-000485,In Service
CMP-0486,DEV-085,Cooling Fan,35000,HW-B,SYN-CMP-000486,In Service
CMP-0487,DEV-085,Temperature Sensor,50000,HW-B,SYN-CMP-000487,In Service
CMP-0488,DEV-085,Voltage Sensor,50000,HW-B,SYN-CMP-000488,In Service
CMP-0489,DEV-085,Current Sensor,50000,HW-B,SYN-CMP-000489,In Service
CMP-0490,DEV-085,Communication Module,70000,HW-B,SYN-CMP-000490,In Service
CMP-0491,DEV-085,Relay,40000,HW-B,SYN-CMP-000491,In Service
CMP-0492,DEV-085,Contactor,40000,HW-B,SYN-CMP-000492,In Service
CMP-0493,DEV-086,BMS,87600,HW-B,SYN-CMP-000493,In Service
CMP-0494,DEV-086,Power Module,60000,HW-B,SYN-CMP-000494,In Service
CMP-0495,DEV-086,Cooling Fan,35000,HW-B,SYN-CMP-000495,In Service
CMP-0496,DEV-086,Temperature Sensor,50000,HW-B,SYN-CMP-000496,In Service
CMP-0497,DEV-086,Voltage Sensor,50000,HW-B,SYN-CMP-000497,In Service
CMP-0498,DEV-086,Current Sensor,50000,HW-B,SYN-CMP-000498,In Service
CMP-0499,DEV-086,Communication Module,70000,HW-B,SYN-CMP-000499,In Service
CMP-0500,DEV-086,Relay,40000,HW-B,SYN-CMP-000500,In Service
CMP-0501,DEV-086,Contactor,40000,HW-B,SYN-CMP-000501,In Service
CMP-0502,DEV-087,Inverter Controller,70000,HW-C,SYN-CMP-000502,In Service
CMP-0503,DEV-087,Power Module,60000,HW-C,SYN-CMP-000503,In Service
CMP-0504,DEV-087,Cooling Fan,35000,HW-C,SYN-CMP-000504,In Service
CMP-0505,DEV-087,Temperature Sensor,50000,HW-C,SYN-CMP-000505,In Service
CMP-0506,DEV-087,Voltage Sensor,50000,HW-C,SYN-CMP-000506,In Service
CMP-0507,DEV-087,Current Sensor,50000,HW-C,SYN-CMP-000507,In Service
CMP-0508,DEV-087,Communication Module,70000,HW-C,SYN-CMP-000508,In Service
CMP-0509,DEV-087,Relay,40000,HW-C,SYN-CMP-000509,In Service
CMP-0510,DEV-088,Inverter Controller,70000,HW-A,SYN-CMP-000510,In Service
CMP-0511,DEV-088,Power Module,60000,HW-A,SYN-CMP-000511,In Service
CMP-0512,DEV-088,Cooling Fan,35000,HW-A,SYN-CMP-000512,In Service
CMP-0513,DEV-088,Temperature Sensor,50000,HW-A,SYN-CMP-000513,In Service
CMP-0514,DEV-088,Voltage Sensor,50000,HW-A,SYN-CMP-000514,In Service
CMP-0515,DEV-088,Current Sensor,50000,HW-A,SYN-CMP-000515,In Service
CMP-0516,DEV-088,Communication Module,70000,HW-A,SYN-CMP-000516,In Service
CMP-0517,DEV-088,Relay,40000,HW-A,SYN-CMP-000517,In Service
CMP-0518,DEV-089,Gateway,80000,HW-B,SYN-CMP-000518,In Service
CMP-0519,DEV-089,Communication Module,70000,HW-B,SYN-CMP-000519,In Service
CMP-0520,DEV-089,Temperature Sensor,50000,HW-B,SYN-CMP-000520,In Service
CMP-0521,DEV-090,BMS,87600,HW-D,SYN-CMP-000521,In Service
CMP-0522,DEV-090,Power Module,60000,HW-D,SYN-CMP-000522,In Service
CMP-0523,DEV-090,Cooling Fan,35000,HW-D,SYN-CMP-000523,In Service
CMP-0524,DEV-090,Temperature Sensor,50000,HW-D,SYN-CMP-000524,In Service
CMP-0525,DEV-090,Voltage Sensor,50000,HW-D,SYN-CMP-000525,In Service
CMP-0526,DEV-090,Current Sensor,50000,HW-D,SYN-CMP-000526,In Service
CMP-0527,DEV-090,Communication Module,70000,HW-D,SYN-CMP-000527,In Service
CMP-0528,DEV-090,Relay,40000,HW-D,SYN-CMP-000528,In Service
CMP-0529,DEV-090,Contactor,40000,HW-D,SYN-CMP-000529,In Service
CMP-0530,DEV-091,BMS,87600,HW-B,SYN-CMP-000530,In Service
CMP-0531,DEV-091,Power Module,60000,HW-B,SYN-CMP-000531,In Service
CMP-0532,DEV-091,Cooling Fan,35000,HW-B,SYN-CMP-000532,In Service
CMP-0533,DEV-091,Temperature Sensor,50000,HW-B,SYN-CMP-000533,In Service
CMP-0534,DEV-091,Voltage Sensor,50000,HW-B,SYN-CMP-000534,In Service
CMP-0535,DEV-091,Current Sensor,50000,HW-B,SYN-CMP-000535,In Service
CMP-0536,DEV-091,Communication Module,70000,HW-B,SYN-CMP-000536,In Service
CMP-0537,DEV-091,Relay,40000,HW-B,SYN-CMP-000537,In Service
CMP-0538,DEV-091,Contactor,40000,HW-B,SYN-CMP-000538,In Service
CMP-0539,DEV-092,Inverter Controller,70000,HW-B,SYN-CMP-000539,In Service
CMP-0540,DEV-092,Power Module,60000,HW-B,SYN-CMP-000540,In Service
CMP-0541,DEV-092,Cooling Fan,35000,HW-B,SYN-CMP-000541,In Service
CMP-0542,DEV-092,Temperature Sensor,50000,HW-B,SYN-CMP-000542,In Service
CMP-0543,DEV-092,Voltage Sensor,50000,HW-B,SYN-CMP-000543,In Service
CMP-0544,DEV-092,Current Sensor,50000,HW-B,SYN-CMP-000544,In Service
CMP-0545,DEV-092,Communication Module,70000,HW-B,SYN-CMP-000545,In Service
CMP-0546,DEV-092,Relay,40000,HW-B,SYN-CMP-000546,In Service
CMP-0547,DEV-093,Inverter Controller,70000,HW-B,SYN-CMP-000547,In Service
CMP-0548,DEV-093,Power Module,60000,HW-B,SYN-CMP-000548,In Service
CMP-0549,DEV-093,Cooling Fan,35000,HW-B,SYN-CMP-000549,In Service
CMP-0550,DEV-093,Temperature Sensor,50000,HW-B,SYN-CMP-000550,In Service
CMP-0551,DEV-093,Voltage Sensor,50000,HW-B,SYN-CMP-000551,In Service
CMP-0552,DEV-093,Current Sensor,50000,HW-B,SYN-CMP-000552,In Service
CMP-0553,DEV-093,Communication Module,70000,HW-B,SYN-CMP-000553,In Service
CMP-0554,DEV-093,Relay,40000,HW-B,SYN-CMP-000554,In Service
CMP-0555,DEV-094,Gateway,80000,HW-C,SYN-CMP-000555,In Service
CMP-0556,DEV-094,Communication Module,70000,HW-C,SYN-CMP-000556,In Service
CMP-0557,DEV-094,Temperature Sensor,50000,HW-C,SYN-CMP-000557,In Service
CMP-0558,DEV-095,BMS,87600,HW-A,SYN-CMP-000558,In Service
CMP-0559,DEV-095,Power Module,60000,HW-A,SYN-CMP-000559,In Service
CMP-0560,DEV-095,Cooling Fan,35000,HW-A,SYN-CMP-000560,In Service
CMP-0561,DEV-095,Temperature Sensor,50000,HW-A,SYN-CMP-000561,In Service
CMP-0562,DEV-095,Voltage Sensor,50000,HW-A,SYN-CMP-000562,In Service
CMP-0563,DEV-095,Current Sensor,50000,HW-A,SYN-CMP-000563,In Service
CMP-0564,DEV-095,Communication Module,70000,HW-A,SYN-CMP-000564,In Service
CMP-0565,DEV-095,Relay,40000,HW-A,SYN-CMP-000565,In Service
CMP-0566,DEV-095,Contactor,40000,HW-A,SYN-CMP-000566,In Service
CMP-0567,DEV-096,Inverter Controller,70000,HW-B,SYN-CMP-000567,In Service
CMP-0568,DEV-096,Power Module,60000,HW-B,SYN-CMP-000568,In Service
CMP-0569,DEV-096,Cooling Fan,35000,HW-B,SYN-CMP-000569,In Service
CMP-0570,DEV-096,Temperature Sensor,50000,HW-B,SYN-CMP-000570,In Service
CMP-0571,DEV-096,Voltage Sensor,50000,HW-B,SYN-CMP-000571,In Service
CMP-0572,DEV-096,Current Sensor,50000,HW-B,SYN-CMP-000572,In Service
CMP-0573,DEV-096,Communication Module,70000,HW-B,SYN-CMP-000573,In Service
CMP-0574,DEV-096,Relay,40000,HW-B,SYN-CMP-000574,In Service
CMP-0575,DEV-097,Inverter Controller,70000,HW-D,SYN-CMP-000575,In Service
CMP-0576,DEV-097,Communication Module,70000,HW-D,SYN-CMP-000576,In Service
CMP-0577,DEV-097,Voltage Sensor,50000,HW-D,SYN-CMP-000577,In Service
CMP-0578,DEV-097,Relay,40000,HW-D,SYN-CMP-000578,In Service
CMP-0579,DEV-098,Gateway,80000,HW-B,SYN-CMP-000579,In Service
CMP-0580,DEV-098,Communication Module,70000,HW-B,SYN-CMP-000580,Degraded
CMP-0581,DEV-098,Temperature Sensor,50000,HW-B,SYN-CMP-000581,In Service
CMP-0582,DEV-099,BMS,87600,HW-B,SYN-CMP-000582,In Service
CMP-0583,DEV-099,Power Module,60000,HW-B,SYN-CMP-000583,In Service
CMP-0584,DEV-099,Cooling Fan,35000,HW-B,SYN-CMP-000584,In Service
CMP-0585,DEV-099,Temperature Sensor,50000,HW-B,SYN-CMP-000585,In Service
CMP-0586,DEV-099,Voltage Sensor,50000,HW-B,SYN-CMP-000586,In Service
CMP-0587,DEV-099,Current Sensor,50000,HW-B,SYN-CMP-000587,In Service
CMP-0588,DEV-099,Communication Module,70000,HW-B,SYN-CMP-000588,In Service
CMP-0589,DEV-099,Relay,40000,HW-B,SYN-CMP-000589,In Service
CMP-0590,DEV-099,Contactor,40000,HW-B,SYN-CMP-000590,In Service
CMP-0591,DEV-100,Inverter Controller,70000,HW-B,SYN-CMP-000591,In Service
CMP-0592,DEV-100,Power Module,60000,HW-B,SYN-CMP-000592,In Service
CMP-0593,DEV-100,Cooling Fan,35000,HW-B,SYN-CMP-000593,In Service
CMP-0594,DEV-100,Temperature Sensor,50000,HW-B,SYN-CMP-000594,In Service
CMP-0595,DEV-100,Voltage Sensor,50000,HW-B,SYN-CMP-000595,In Service
CMP-0596,DEV-100,Current Sensor,50000,HW-B,SYN-CMP-000596,In Service
CMP-0597,DEV-100,Communication Module,70000,HW-B,SYN-CMP-000597,In Service
CMP-0598,DEV-100,Relay,40000,HW-B,SYN-CMP-000598,In Service
CMP-0599,DEV-101,Inverter Controller,70000,HW-C,SYN-CMP-000599,In Service
CMP-0600,DEV-101,Communication Module,70000,HW-C,SYN-CMP-000600,In Service
CMP-0601,DEV-101,Voltage Sensor,50000,HW-C,SYN-CMP-000601,In Service
CMP-0602,DEV-101,Relay,40000,HW-C,SYN-CMP-000602,In Service
CMP-0603,DEV-102,Gateway,80000,HW-A,SYN-CMP-000603,In Service
CMP-0604,DEV-102,Communication Module,70000,HW-A,SYN-CMP-000604,In Service
CMP-0605,DEV-102,Temperature Sensor,50000,HW-A,SYN-CMP-000605,In Service
CMP-0606,DEV-103,BMS,87600,HW-B,SYN-CMP-000606,In Service
CMP-0607,DEV-103,Power Module,60000,HW-B,SYN-CMP-000607,In Service
CMP-0608,DEV-103,Cooling Fan,35000,HW-B,SYN-CMP-000608,In Service
CMP-0609,DEV-103,Temperature Sensor,50000,HW-B,SYN-CMP-000609,In Service
CMP-0610,DEV-103,Voltage Sensor,50000,HW-B,SYN-CMP-000610,In Service
CMP-0611,DEV-103,Current Sensor,50000,HW-B,SYN-CMP-000611,In Service
CMP-0612,DEV-103,Communication Module,70000,HW-B,SYN-CMP-000612,In Service
CMP-0613,DEV-103,Relay,40000,HW-B,SYN-CMP-000613,In Service
CMP-0614,DEV-103,Contactor,40000,HW-B,SYN-CMP-000614,In Service
CMP-0615,DEV-104,Inverter Controller,70000,HW-D,SYN-CMP-000615,In Service
CMP-0616,DEV-104,Power Module,60000,HW-D,SYN-CMP-000616,In Service
CMP-0617,DEV-104,Cooling Fan,35000,HW-D,SYN-CMP-000617,In Service
CMP-0618,DEV-104,Temperature Sensor,50000,HW-D,SYN-CMP-000618,In Service
CMP-0619,DEV-104,Voltage Sensor,50000,HW-D,SYN-CMP-000619,In Service
CMP-0620,DEV-104,Current Sensor,50000,HW-D,SYN-CMP-000620,In Service
CMP-0621,DEV-104,Communication Module,70000,HW-D,SYN-CMP-000621,In Service
CMP-0622,DEV-104,Relay,40000,HW-D,SYN-CMP-000622,In Service
CMP-0623,DEV-105,Inverter Controller,70000,HW-B,SYN-CMP-000623,In Service
CMP-0624,DEV-105,Communication Module,70000,HW-B,SYN-CMP-000624,In Service
CMP-0625,DEV-105,Voltage Sensor,50000,HW-B,SYN-CMP-000625,In Service
CMP-0626,DEV-105,Relay,40000,HW-B,SYN-CMP-000626,In Service
CMP-0627,DEV-106,Gateway,80000,HW-B,SYN-CMP-000627,In Service
CMP-0628,DEV-106,Communication Module,70000,HW-B,SYN-CMP-000628,In Service
CMP-0629,DEV-106,Temperature Sensor,50000,HW-B,SYN-CMP-000629,In Service
CMP-0630,DEV-107,BMS,87600,HW-B,SYN-CMP-000630,In Service
CMP-0631,DEV-107,Power Module,60000,HW-B,SYN-CMP-000631,In Service
CMP-0632,DEV-107,Cooling Fan,35000,HW-B,SYN-CMP-000632,In Service
CMP-0633,DEV-107,Temperature Sensor,50000,HW-B,SYN-CMP-000633,In Service
CMP-0634,DEV-107,Voltage Sensor,50000,HW-B,SYN-CMP-000634,In Service
CMP-0635,DEV-107,Current Sensor,50000,HW-B,SYN-CMP-000635,In Service
CMP-0636,DEV-107,Communication Module,70000,HW-B,SYN-CMP-000636,In Service
CMP-0637,DEV-107,Relay,40000,HW-B,SYN-CMP-000637,In Service
CMP-0638,DEV-107,Contactor,40000,HW-B,SYN-CMP-000638,In Service
CMP-0639,DEV-108,Inverter Controller,70000,HW-C,SYN-CMP-000639,In Service
CMP-0640,DEV-108,Power Module,60000,HW-C,SYN-CMP-000640,In Service
CMP-0641,DEV-108,Cooling Fan,35000,HW-C,SYN-CMP-000641,In Service
CMP-0642,DEV-108,Temperature Sensor,50000,HW-C,SYN-CMP-000642,In Service
CMP-0643,DEV-108,Voltage Sensor,50000,HW-C,SYN-CMP-000643,In Service
CMP-0644,DEV-108,Current Sensor,50000,HW-C,SYN-CMP-000644,In Service
CMP-0645,DEV-108,Communication Module,70000,HW-C,SYN-CMP-000645,In Service
CMP-0646,DEV-108,Relay,40000,HW-C,SYN-CMP-000646,In Service
CMP-0647,DEV-109,Inverter Controller,70000,HW-A,SYN-CMP-000647,In Service
CMP-0648,DEV-109,Communication Module,70000,HW-A,SYN-CMP-000648,In Service
CMP-0649,DEV-109,Voltage Sensor,50000,HW-A,SYN-CMP-000649,In Service
CMP-0650,DEV-109,Relay,40000,HW-A,SYN-CMP-000650,In Service
CMP-0651,DEV-110,Gateway,80000,HW-B,SYN-CMP-000651,In Service
CMP-0652,DEV-110,Communication Module,70000,HW-B,SYN-CMP-000652,In Service
CMP-0653,DEV-110,Temperature Sensor,50000,HW-B,SYN-CMP-000653,In Service
CMP-0654,DEV-111,BMS,87600,HW-D,SYN-CMP-000654,In Service
CMP-0655,DEV-111,Power Module,60000,HW-D,SYN-CMP-000655,In Service
CMP-0656,DEV-111,Cooling Fan,35000,HW-D,SYN-CMP-000656,In Service
CMP-0657,DEV-111,Temperature Sensor,50000,HW-D,SYN-CMP-000657,In Service
CMP-0658,DEV-111,Voltage Sensor,50000,HW-D,SYN-CMP-000658,In Service
CMP-0659,DEV-111,Current Sensor,50000,HW-D,SYN-CMP-000659,In Service
CMP-0660,DEV-111,Communication Module,70000,HW-D,SYN-CMP-000660,In Service
CMP-0661,DEV-111,Relay,40000,HW-D,SYN-CMP-000661,In Service
CMP-0662,DEV-111,Contactor,40000,HW-D,SYN-CMP-000662,In Service
CMP-0663,DEV-112,Inverter Controller,70000,HW-B,SYN-CMP-000663,In Service
CMP-0664,DEV-112,Communication Module,70000,HW-B,SYN-CMP-000664,In Service
CMP-0665,DEV-112,Voltage Sensor,50000,HW-B,SYN-CMP-000665,In Service
CMP-0666,DEV-112,Relay,40000,HW-B,SYN-CMP-000666,In Service
CMP-0667,DEV-113,Gateway,80000,HW-B,SYN-CMP-000667,In Service
CMP-0668,DEV-113,Communication Module,70000,HW-B,SYN-CMP-000668,In Service
CMP-0669,DEV-113,Temperature Sensor,50000,HW-B,SYN-CMP-000669,In Service
CMP-0670,DEV-114,BMS,87600,HW-B,SYN-CMP-000670,In Service
CMP-0671,DEV-114,Power Module,60000,HW-B,SYN-CMP-000671,In Service
CMP-0672,DEV-114,Cooling Fan,35000,HW-B,SYN-CMP-000672,In Service
CMP-0673,DEV-114,Temperature Sensor,50000,HW-B,SYN-CMP-000673,In Service
CMP-0674,DEV-114,Voltage Sensor,50000,HW-B,SYN-CMP-000674,In Service
CMP-0675,DEV-114,Current Sensor,50000,HW-B,SYN-CMP-000675,In Service
CMP-0676,DEV-114,Communication Module,70000,HW-B,SYN-CMP-000676,In Service
CMP-0677,DEV-114,Relay,40000,HW-B,SYN-CMP-000677,In Service
CMP-0678,DEV-114,Contactor,40000,HW-B,SYN-CMP-000678,In Service
CMP-0679,DEV-115,Inverter Controller,70000,HW-C,SYN-CMP-000679,In Service
CMP-0680,DEV-115,Communication Module,70000,HW-C,SYN-CMP-000680,In Service
CMP-0681,DEV-115,Voltage Sensor,50000,HW-C,SYN-CMP-000681,In Service
CMP-0682,DEV-115,Relay,40000,HW-C,SYN-CMP-000682,In Service
CMP-0683,DEV-116,Gateway,80000,HW-A,SYN-CMP-000683,In Service
CMP-0684,DEV-116,Communication Module,70000,HW-A,SYN-CMP-000684,In Service
CMP-0685,DEV-116,Temperature Sensor,50000,HW-A,SYN-CMP-000685,In Service
CMP-0686,DEV-117,BMS,87600,HW-B,SYN-CMP-000686,In Service
CMP-0687,DEV-117,Power Module,60000,HW-B,SYN-CMP-000687,In Service
CMP-0688,DEV-117,Cooling Fan,35000,HW-B,SYN-CMP-000688,In Service
CMP-0689,DEV-117,Temperature Sensor,50000,HW-B,SYN-CMP-000689,In Service
CMP-0690,DEV-117,Voltage Sensor,50000,HW-B,SYN-CMP-000690,In Service
CMP-0691,DEV-117,Current Sensor,50000,HW-B,SYN-CMP-000691,In Service
CMP-0692,DEV-117,Communication Module,70000,HW-B,SYN-CMP-000692,In Service
CMP-0693,DEV-117,Relay,40000,HW-B,SYN-CMP-000693,In Service
CMP-0694,DEV-117,Contactor,40000,HW-B,SYN-CMP-000694,In Service
CMP-0695,DEV-118,Inverter Controller,70000,HW-D,SYN-CMP-000695,In Service
CMP-0696,DEV-118,Communication Module,70000,HW-D,SYN-CMP-000696,In Service
CMP-0697,DEV-118,Voltage Sensor,50000,HW-D,SYN-CMP-000697,In Service
CMP-0698,DEV-118,Relay,40000,HW-D,SYN-CMP-000698,In Service
CMP-0699,DEV-119,Gateway,80000,HW-B,SYN-CMP-000699,In Service
CMP-0700,DEV-119,Communication Module,70000,HW-B,SYN-CMP-000700,In Service
CMP-0701,DEV-119,Temperature Sensor,50000,HW-B,SYN-CMP-000701,In Service
CMP-0702,DEV-120,BMS,87600,HW-B,SYN-CMP-000702,In Service
CMP-0703,DEV-120,Power Module,60000,HW-B,SYN-CMP-000703,In Service
CMP-0704,DEV-120,Cooling Fan,35000,HW-B,SYN-CMP-000704,In Service
CMP-0705,DEV-120,Temperature Sensor,50000,HW-B,SYN-CMP-000705,In Service
CMP-0706,DEV-120,Voltage Sensor,50000,HW-B,SYN-CMP-000706,In Service
CMP-0707,DEV-120,Current Sensor,50000,HW-B,SYN-CMP-000707,In Service
CMP-0708,DEV-120,Communication Module,70000,HW-B,SYN-CMP-000708,In Service
CMP-0709,DEV-120,Relay,40000,HW-B,SYN-CMP-000709,In Service
CMP-0710,DEV-120,Contactor,40000,HW-B,SYN-CMP-000710,In Service
CMP-0711,DEV-121,Inverter Controller,70000,HW-B,SYN-CMP-000711,In Service
CMP-0712,DEV-121,Communication Module,70000,HW-B,SYN-CMP-000712,In Service
CMP-0713,DEV-121,Voltage Sensor,50000,HW-B,SYN-CMP-000713,In Service
CMP-0714,DEV-121,Relay,40000,HW-B,SYN-CMP-000714,In Service
CMP-0715,DEV-122,Gateway,80000,HW-C,SYN-CMP-000715,In Service
CMP-0716,DEV-122,Communication Module,70000,HW-C,SYN-CMP-000716,In Service
CMP-0717,DEV-122,Temperature Sensor,50000,HW-C,SYN-CMP-000717,In Service
CMP-0718,DEV-123,BMS,87600,HW-A,SYN-CMP-000718,In Service
CMP-0719,DEV-123,Power Module,60000,HW-A,SYN-CMP-000719,In Service
CMP-0720,DEV-123,Cooling Fan,35000,HW-A,SYN-CMP-000720,In Service
CMP-0721,DEV-123,Temperature Sensor,50000,HW-A,SYN-CMP-000721,In Service
CMP-0722,DEV-123,Voltage Sensor,50000,HW-A,SYN-CMP-000722,In Service
CMP-0723,DEV-123,Current Sensor,50000,HW-A,SYN-CMP-000723,In Service
CMP-0724,DEV-123,Communication Module,70000,HW-A,SYN-CMP-000724,In Service
CMP-0725,DEV-123,Relay,40000,HW-A,SYN-CMP-000725,In Service
CMP-0726,DEV-123,Contactor,40000,HW-A,SYN-CMP-000726,In Service
CMP-0727,DEV-124,Inverter Controller,70000,HW-B,SYN-CMP-000727,In Service
CMP-0728,DEV-124,Power Module,60000,HW-B,SYN-CMP-000728,In Service
CMP-0729,DEV-124,Cooling Fan,35000,HW-B,SYN-CMP-000729,In Service
CMP-0730,DEV-124,Temperature Sensor,50000,HW-B,SYN-CMP-000730,In Service
CMP-0731,DEV-124,Voltage Sensor,50000,HW-B,SYN-CMP-000731,In Service
CMP-0732,DEV-124,Current Sensor,50000,HW-B,SYN-CMP-000732,In Service
CMP-0733,DEV-124,Communication Module,70000,HW-B,SYN-CMP-000733,In Service
CMP-0734,DEV-124,Relay,40000,HW-B,SYN-CMP-000734,In Service
CMP-0735,DEV-125,BMS,87600,HW-D,SYN-CMP-000735,In Service
CMP-0736,DEV-125,Power Module,60000,HW-D,SYN-CMP-000736,In Service
CMP-0737,DEV-125,Cooling Fan,35000,HW-D,SYN-CMP-000737,In Service
CMP-0738,DEV-125,Temperature Sensor,50000,HW-D,SYN-CMP-000738,In Service
CMP-0739,DEV-125,Voltage Sensor,50000,HW-D,SYN-CMP-000739,In Service
CMP-0740,DEV-125,Current Sensor,50000,HW-D,SYN-CMP-000740,In Service
CMP-0741,DEV-125,Communication Module,70000,HW-D,SYN-CMP-000741,In Service
CMP-0742,DEV-125,Relay,40000,HW-D,SYN-CMP-000742,In Service
CMP-0743,DEV-125,Contactor,40000,HW-D,SYN-CMP-000743,In Service
CMP-0744,DEV-126,Inverter Controller,70000,HW-B,SYN-CMP-000744,In Service
CMP-0745,DEV-126,Power Module,60000,HW-B,SYN-CMP-000745,In Service
CMP-0746,DEV-126,Cooling Fan,35000,HW-B,SYN-CMP-000746,In Service
CMP-0747,DEV-126,Temperature Sensor,50000,HW-B,SYN-CMP-000747,In Service
CMP-0748,DEV-126,Voltage Sensor,50000,HW-B,SYN-CMP-000748,In Service
CMP-0749,DEV-126,Current Sensor,50000,HW-B,SYN-CMP-000749,In Service
CMP-0750,DEV-126,Communication Module,70000,HW-B,SYN-CMP-000750,In Service
CMP-0751,DEV-126,Relay,40000,HW-B,SYN-CMP-000751,In Service
CMP-0752,DEV-127,BMS,87600,HW-B,SYN-CMP-000752,In Service
CMP-0753,DEV-127,Power Module,60000,HW-B,SYN-CMP-000753,In Service
CMP-0754,DEV-127,Cooling Fan,35000,HW-B,SYN-CMP-000754,In Service
CMP-0755,DEV-127,Temperature Sensor,50000,HW-B,SYN-CMP-000755,In Service
CMP-0756,DEV-127,Voltage Sensor,50000,HW-B,SYN-CMP-000756,In Service
CMP-0757,DEV-127,Current Sensor,50000,HW-B,SYN-CMP-000757,In Service
CMP-0758,DEV-127,Communication Module,70000,HW-B,SYN-CMP-000758,In Service
CMP-0759,DEV-127,Relay,40000,HW-B,SYN-CMP-000759,In Service
CMP-0760,DEV-127,Contactor,40000,HW-B,SYN-CMP-000760,In Service
CMP-0761,DEV-128,Inverter Controller,70000,HW-B,SYN-CMP-000761,In Service
CMP-0762,DEV-128,Power Module,60000,HW-B,SYN-CMP-000762,In Service
CMP-0763,DEV-128,Cooling Fan,35000,HW-B,SYN-CMP-000763,In Service
CMP-0764,DEV-128,Temperature Sensor,50000,HW-B,SYN-CMP-000764,In Service
CMP-0765,DEV-128,Voltage Sensor,50000,HW-B,SYN-CMP-000765,In Service
CMP-0766,DEV-128,Current Sensor,50000,HW-B,SYN-CMP-000766,In Service
CMP-0767,DEV-128,Communication Module,70000,HW-B,SYN-CMP-000767,In Service
CMP-0768,DEV-128,Relay,40000,HW-B,SYN-CMP-000768,In Service
CMP-0769,DEV-129,BMS,87600,HW-C,SYN-CMP-000769,In Service
CMP-0770,DEV-129,Power Module,60000,HW-C,SYN-CMP-000770,In Service
CMP-0771,DEV-129,Cooling Fan,35000,HW-C,SYN-CMP-000771,In Service
CMP-0772,DEV-129,Temperature Sensor,50000,HW-C,SYN-CMP-000772,In Service
CMP-0773,DEV-129,Voltage Sensor,50000,HW-C,SYN-CMP-000773,In Service
CMP-0774,DEV-129,Current Sensor,50000,HW-C,SYN-CMP-000774,In Service
CMP-0775,DEV-129,Communication Module,70000,HW-C,SYN-CMP-000775,In Service
CMP-0776,DEV-129,Relay,40000,HW-C,SYN-CMP-000776,In Service
CMP-0777,DEV-129,Contactor,40000,HW-C,SYN-CMP-000777,In Service
CMP-0778,DEV-130,Inverter Controller,70000,HW-A,SYN-CMP-000778,In Service
CMP-0779,DEV-130,Power Module,60000,HW-A,SYN-CMP-000779,In Service
CMP-0780,DEV-130,Cooling Fan,35000,HW-A,SYN-CMP-000780,In Service
CMP-0781,DEV-130,Temperature Sensor,50000,HW-A,SYN-CMP-000781,In Service
CMP-0782,DEV-130,Voltage Sensor,50000,HW-A,SYN-CMP-000782,In Service
CMP-0783,DEV-130,Current Sensor,50000,HW-A,SYN-CMP-000783,In Service
CMP-0784,DEV-130,Communication Module,70000,HW-A,SYN-CMP-000784,In Service
CMP-0785,DEV-130,Relay,40000,HW-A,SYN-CMP-000785,In Service
CMP-0786,DEV-131,BMS,87600,HW-B,SYN-CMP-000786,In Service
CMP-0787,DEV-131,Power Module,60000,HW-B,SYN-CMP-000787,In Service
CMP-0788,DEV-131,Cooling Fan,35000,HW-B,SYN-CMP-000788,In Service
CMP-0789,DEV-131,Temperature Sensor,50000,HW-B,SYN-CMP-000789,In Service
CMP-0790,DEV-131,Voltage Sensor,50000,HW-B,SYN-CMP-000790,In Service
CMP-0791,DEV-131,Current Sensor,50000,HW-B,SYN-CMP-000791,In Service
CMP-0792,DEV-131,Communication Module,70000,HW-B,SYN-CMP-000792,In Service
CMP-0793,DEV-131,Relay,40000,HW-B,SYN-CMP-000793,In Service
CMP-0794,DEV-131,Contactor,40000,HW-B,SYN-CMP-000794,In Service
CMP-0795,DEV-132,Inverter Controller,70000,HW-D,SYN-CMP-000795,In Service
CMP-0796,DEV-132,Power Module,60000,HW-D,SYN-CMP-000796,In Service
CMP-0797,DEV-132,Cooling Fan,35000,HW-D,SYN-CMP-000797,In Service
CMP-0798,DEV-132,Temperature Sensor,50000,HW-D,SYN-CMP-000798,In Service
CMP-0799,DEV-132,Voltage Sensor,50000,HW-D,SYN-CMP-000799,In Service
CMP-0800,DEV-132,Current Sensor,50000,HW-D,SYN-CMP-000800,In Service
CMP-0801,DEV-132,Communication Module,70000,HW-D,SYN-CMP-000801,In Service
CMP-0802,DEV-132,Relay,40000,HW-D,SYN-CMP-000802,In Service
CMP-0803,DEV-133,BMS,87600,HW-B,SYN-CMP-000803,In Service
CMP-0804,DEV-133,Power Module,60000,HW-B,SYN-CMP-000804,In Service
CMP-0805,DEV-133,Cooling Fan,35000,HW-B,SYN-CMP-000805,In Service
CMP-0806,DEV-133,Temperature Sensor,50000,HW-B,SYN-CMP-000806,In Service
CMP-0807,DEV-133,Voltage Sensor,50000,HW-B,SYN-CMP-000807,In Service
CMP-0808,DEV-133,Current Sensor,50000,HW-B,SYN-CMP-000808,In Service
CMP-0809,DEV-133,Communication Module,70000,HW-B,SYN-CMP-000809,In Service
CMP-0810,DEV-133,Relay,40000,HW-B,SYN-CMP-000810,In Service
CMP-0811,DEV-133,Contactor,40000,HW-B,SYN-CMP-000811,In Service
CMP-0812,DEV-134,Inverter Controller,70000,HW-B,SYN-CMP-000812,In Service
CMP-0813,DEV-134,Power Module,60000,HW-B,SYN-CMP-000813,In Service
CMP-0814,DEV-134,Cooling Fan,35000,HW-B,SYN-CMP-000814,In Service
CMP-0815,DEV-134,Temperature Sensor,50000,HW-B,SYN-CMP-000815,In Service
CMP-0816,DEV-134,Voltage Sensor,50000,HW-B,SYN-CMP-000816,In Service
CMP-0817,DEV-134,Current Sensor,50000,HW-B,SYN-CMP-000817,In Service
CMP-0818,DEV-134,Communication Module,70000,HW-B,SYN-CMP-000818,In Service
CMP-0819,DEV-134,Relay,40000,HW-B,SYN-CMP-000819,In Service
CMP-0820,DEV-135,BMS,87600,HW-B,SYN-CMP-000820,In Service
CMP-0821,DEV-135,Power Module,60000,HW-B,SYN-CMP-000821,In Service
CMP-0822,DEV-135,Cooling Fan,35000,HW-B,SYN-CMP-000822,In Service
CMP-0823,DEV-135,Temperature Sensor,50000,HW-B,SYN-CMP-000823,In Service
CMP-0824,DEV-135,Voltage Sensor,50000,HW-B,SYN-CMP-000824,In Service
CMP-0825,DEV-135,Current Sensor,50000,HW-B,SYN-CMP-000825,In Service
CMP-0826,DEV-135,Communication Module,70000,HW-B,SYN-CMP-000826,In Service
CMP-0827,DEV-135,Relay,40000,HW-B,SYN-CMP-000827,In Service
CMP-0828,DEV-135,Contactor,40000,HW-B,SYN-CMP-000828,In Service
CMP-0829,DEV-136,Inverter Controller,70000,HW-C,SYN-CMP-000829,In Service
CMP-0830,DEV-136,Power Module,60000,HW-C,SYN-CMP-000830,In Service
CMP-0831,DEV-136,Cooling Fan,35000,HW-C,SYN-CMP-000831,In Service
CMP-0832,DEV-136,Temperature Sensor,50000,HW-C,SYN-CMP-000832,In Service
CMP-0833,DEV-136,Voltage Sensor,50000,HW-C,SYN-CMP-000833,In Service
CMP-0834,DEV-136,Current Sensor,50000,HW-C,SYN-CMP-000834,In Service
CMP-0835,DEV-136,Communication Module,70000,HW-C,SYN-CMP-000835,In Service
CMP-0836,DEV-136,Relay,40000,HW-C,SYN-CMP-000836,In Service
CMP-0837,DEV-137,BMS,87600,HW-A,SYN-CMP-000837,In Service
CMP-0838,DEV-137,Power Module,60000,HW-A,SYN-CMP-000838,In Service
CMP-0839,DEV-137,Cooling Fan,35000,HW-A,SYN-CMP-000839,In Service
CMP-0840,DEV-137,Temperature Sensor,50000,HW-A,SYN-CMP-000840,In Service
CMP-0841,DEV-137,Voltage Sensor,50000,HW-A,SYN-CMP-000841,In Service
CMP-0842,DEV-137,Current Sensor,50000,HW-A,SYN-CMP-000842,In Service
CMP-0843,DEV-137,Communication Module,70000,HW-A,SYN-CMP-000843,In Service
CMP-0844,DEV-137,Relay,40000,HW-A,SYN-CMP-000844,In Service
CMP-0845,DEV-137,Contactor,40000,HW-A,SYN-CMP-000845,In Service
CMP-0846,DEV-138,Inverter Controller,70000,HW-B,SYN-CMP-000846,In Service
CMP-0847,DEV-138,Power Module,60000,HW-B,SYN-CMP-000847,In Service
CMP-0848,DEV-138,Cooling Fan,35000,HW-B,SYN-CMP-000848,In Service
CMP-0849,DEV-138,Temperature Sensor,50000,HW-B,SYN-CMP-000849,In Service
CMP-0850,DEV-138,Voltage Sensor,50000,HW-B,SYN-CMP-000850,In Service
CMP-0851,DEV-138,Current Sensor,50000,HW-B,SYN-CMP-000851,In Service
CMP-0852,DEV-138,Communication Module,70000,HW-B,SYN-CMP-000852,In Service
CMP-0853,DEV-138,Relay,40000,HW-B,SYN-CMP-000853,In Service
CMP-0854,DEV-139,BMS,87600,HW-D,SYN-CMP-000854,In Service
CMP-0855,DEV-139,Power Module,60000,HW-D,SYN-CMP-000855,In Service
CMP-0856,DEV-139,Cooling Fan,35000,HW-D,SYN-CMP-000856,In Service
CMP-0857,DEV-139,Temperature Sensor,50000,HW-D,SYN-CMP-000857,In Service
CMP-0858,DEV-139,Voltage Sensor,50000,HW-D,SYN-CMP-000858,In Service
CMP-0859,DEV-139,Current Sensor,50000,HW-D,SYN-CMP-000859,In Service
CMP-0860,DEV-139,Communication Module,70000,HW-D,SYN-CMP-000860,In Service
CMP-0861,DEV-139,Relay,40000,HW-D,SYN-CMP-000861,In Service
CMP-0862,DEV-139,Contactor,40000,HW-D,SYN-CMP-000862,In Service
CMP-0863,DEV-140,Inverter Controller,70000,HW-B,SYN-CMP-000863,In Service
CMP-0864,DEV-140,Power Module,60000,HW-B,SYN-CMP-000864,In Service
CMP-0865,DEV-140,Cooling Fan,35000,HW-B,SYN-CMP-000865,In Service
CMP-0866,DEV-140,Temperature Sensor,50000,HW-B,SYN-CMP-000866,In Service
CMP-0867,DEV-140,Voltage Sensor,50000,HW-B,SYN-CMP-000867,In Service
CMP-0868,DEV-140,Current Sensor,50000,HW-B,SYN-CMP-000868,In Service
CMP-0869,DEV-140,Communication Module,70000,HW-B,SYN-CMP-000869,In Service
CMP-0870,DEV-140,Relay,40000,HW-B,SYN-CMP-000870,In Service
CMP-0871,DEV-141,BMS,87600,HW-B,SYN-CMP-000871,In Service
CMP-0872,DEV-141,Power Module,60000,HW-B,SYN-CMP-000872,In Service
CMP-0873,DEV-141,Cooling Fan,35000,HW-B,SYN-CMP-000873,In Service
CMP-0874,DEV-141,Temperature Sensor,50000,HW-B,SYN-CMP-000874,In Service
CMP-0875,DEV-141,Voltage Sensor,50000,HW-B,SYN-CMP-000875,In Service
CMP-0876,DEV-141,Current Sensor,50000,HW-B,SYN-CMP-000876,In Service
CMP-0877,DEV-141,Communication Module,70000,HW-B,SYN-CMP-000877,In Service
CMP-0878,DEV-141,Relay,40000,HW-B,SYN-CMP-000878,In Service
CMP-0879,DEV-141,Contactor,40000,HW-B,SYN-CMP-000879,In Service
CMP-0880,DEV-142,Inverter Controller,70000,HW-B,SYN-CMP-000880,In Service
CMP-0881,DEV-142,Power Module,60000,HW-B,SYN-CMP-000881,In Service
CMP-0882,DEV-142,Cooling Fan,35000,HW-B,SYN-CMP-000882,In Service
CMP-0883,DEV-142,Temperature Sensor,50000,HW-B,SYN-CMP-000883,In Service
CMP-0884,DEV-142,Voltage Sensor,50000,HW-B,SYN-CMP-000884,In Service
CMP-0885,DEV-142,Current Sensor,50000,HW-B,SYN-CMP-000885,In Service
CMP-0886,DEV-142,Communication Module,70000,HW-B,SYN-CMP-000886,In Service
CMP-0887,DEV-142,Relay,40000,HW-B,SYN-CMP-000887,In Service
CMP-0888,DEV-143,BMS,87600,HW-C,SYN-CMP-000888,In Service
CMP-0889,DEV-143,Power Module,60000,HW-C,SYN-CMP-000889,In Service
CMP-0890,DEV-143,Cooling Fan,35000,HW-C,SYN-CMP-000890,In Service
CMP-0891,DEV-143,Temperature Sensor,50000,HW-C,SYN-CMP-000891,In Service
CMP-0892,DEV-143,Voltage Sensor,50000,HW-C,SYN-CMP-000892,In Service
CMP-0893,DEV-143,Current Sensor,50000,HW-C,SYN-CMP-000893,In Service
CMP-0894,DEV-143,Communication Module,70000,HW-C,SYN-CMP-000894,In Service
CMP-0895,DEV-143,Relay,40000,HW-C,SYN-CMP-000895,In Service
CMP-0896,DEV-143,Contactor,40000,HW-C,SYN-CMP-000896,In Service
CMP-0897,DEV-144,Inverter Controller,70000,HW-A,SYN-CMP-000897,In Service
CMP-0898,DEV-144,Power Module,60000,HW-A,SYN-CMP-000898,In Service
CMP-0899,DEV-144,Cooling Fan,35000,HW-A,SYN-CMP-000899,In Service
CMP-0900,DEV-144,Temperature Sensor,50000,HW-A,SYN-CMP-000900,In Service
CMP-0901,DEV-144,Voltage Sensor,50000,HW-A,SYN-CMP-000901,In Service
CMP-0902,DEV-144,Current Sensor,50000,HW-A,SYN-CMP-000902,In Service
CMP-0903,DEV-144,Communication Module,70000,HW-A,SYN-CMP-000903,In Service
CMP-0904,DEV-144,Relay,40000,HW-A,SYN-CMP-000904,In Service
CMP-0905,DEV-145,BMS,87600,HW-B,SYN-CMP-000905,In Service
CMP-0906,DEV-145,Power Module,60000,HW-B,SYN-CMP-000906,In Service
CMP-0907,DEV-145,Cooling Fan,35000,HW-B,SYN-CMP-000907,In Service
CMP-0908,DEV-145,Temperature Sensor,50000,HW-B,SYN-CMP-000908,In Service
CMP-0909,DEV-145,Voltage Sensor,50000,HW-B,SYN-CMP-000909,In Service
CMP-0910,DEV-145,Current Sensor,50000,HW-B,SYN-CMP-000910,In Service
CMP-0911,DEV-145,Communication Module,70000,HW-B,SYN-CMP-000911,In Service
CMP-0912,DEV-145,Relay,40000,HW-B,SYN-CMP-000912,In Service
CMP-0913,DEV-145,Contactor,40000,HW-B,SYN-CMP-000913,In Service
CMP-0914,DEV-146,Inverter Controller,70000,HW-D,SYN-CMP-000914,In Service
CMP-0915,DEV-146,Power Module,60000,HW-D,SYN-CMP-000915,In Service
CMP-0916,DEV-146,Cooling Fan,35000,HW-D,SYN-CMP-000916,In Service
CMP-0917,DEV-146,Temperature Sensor,50000,HW-D,SYN-CMP-000917,In Service
CMP-0918,DEV-146,Voltage Sensor,50000,HW-D,SYN-CMP-000918,In Service
CMP-0919,DEV-146,Current Sensor,50000,HW-D,SYN-CMP-000919,In Service
CMP-0920,DEV-146,Communication Module,70000,HW-D,SYN-CMP-000920,In Service
CMP-0921,DEV-146,Relay,40000,HW-D,SYN-CMP-000921,In Service
