alert_id,created_at,alert_type,severity,device_id,site_id,metric,observed_value,threshold,description,status,recommended_action,related_error_code,related_incident_id
EAL-001,2026-09-15T09:15:00-05:00,Repeated Fault,Warning,DEV-024,SITE-007,case,INV-305,weekly review,DC bus ripple on the first sister inverter,Closed,Follow the related incident.,INV-305,INC-013
EAL-002,2026-09-16T09:15:00-05:00,Repeated Fault,Warning,DEV-027,SITE-008,case,INV-305,weekly review,DC bus ripple on the second sister inverter,Closed,Follow the related incident.,INV-305,INC-014
EAL-003,2026-09-17T09:15:00-05:00,Performance Degradation,Warning,DEV-018,SITE-006,case,BMS-301,weekly review,Sense channel stale after a harness reseat,Closed,Follow the related incident.,BMS-301,INC-015
EAL-004,2026-09-18T09:15:00-05:00,Performance Degradation,Info,DEV-032,SITE-009,case,INV-318,weekly review,Ride-through recorded during a tap change,Closed,Follow the related incident.,INV-318,INC-016
EAL-005,2026-09-19T09:15:00-05:00,Performance Degradation,Info,DEV-023,SITE-007,case,BMS-104,weekly review,Balancing left running after charge,Closed,Follow the related incident.,BMS-104,INC-017
EAL-006,2026-09-20T09:15:00-05:00,Performance Degradation,Warning,DEV-042,SITE-012,case,BMS-218,weekly review,Watchdog during a storm night,Closed,Follow the related incident.,BMS-218,INC-018
EAL-007,2026-09-21T09:15:00-05:00,Performance Degradation,Warning,DEV-035,SITE-010,case,GRID-118,weekly review,Preferred-band voltage dip shared by two feeders,Closed,Follow the related incident.,GRID-118,INC-019
EAL-008,2026-09-22T09:15:00-05:00,Performance Degradation,Info,DEV-038,SITE-011,case,INV-250,weekly review,Restart delay held an inverter offline for one cycle,Closed,Follow the related incident.,INV-250,INC-020
EAL-009,2026-09-03T09:15:00-05:00,Performance Degradation,Warning,DEV-017,SITE-005,case,GW-101,weekly review,Gateway CPU blip during log harvest,Closed,Follow the related incident.,GW-101,INC-021
EAL-010,2026-09-04T09:15:00-05:00,Performance Degradation,Info,DEV-020,SITE-006,case,COM-240,weekly review,Compressed frames enabled on a current image,Closed,Follow the related incident.,COM-240,INC-022
EAL-011,2026-09-05T09:15:00-05:00,Performance Degradation,Warning,DEV-059,SITE-017,case,BMS-210,weekly review,Nuisance BMS channel disagreement,Open,Follow the related incident.,BMS-210,INC-023
EAL-012,2026-09-06T09:15:00-05:00,Performance Degradation,Warning,DEV-046,SITE-013,case,GRID-310,weekly review,Grid relay inspection after a disconnect drill,Open,Follow the related incident.,GRID-310,INC-024
EAL-013,2026-09-07T09:15:00-05:00,Performance Degradation,Warning,DEV-065,SITE-019,case,BAT-101,weekly review,Cell delta during an overnight charge,Closed,Follow the related incident.,BAT-101,INC-025
EAL-014,2026-09-08T09:15:00-05:00,Performance Degradation,Warning,DEV-070,SITE-020,case,BAT-217,weekly review,Charge current overshoot for one sample,Closed,Follow the related incident.,BAT-217,INC-026
EAL-015,2026-09-09T09:15:00-05:00,Performance Degradation,Info,DEV-071,SITE-020,case,BAT-118,weekly review,SOC residual reviewed and left alone,Closed,Follow the related incident.,BAT-118,INC-027
EAL-016,2026-09-10T09:15:00-05:00,Performance Degradation,Info,DEV-075,SITE-021,case,BAT-102,weekly review,Charge complete at the configured SOC,Closed,Follow the related incident.,BAT-102,INC-028
EAL-017,2026-09-11T09:15:00-05:00,Performance Degradation,Warning,DEV-049,SITE-014,case,INV-214,weekly review,Inverter heat-sink derate on a hot afternoon,Closed,Follow the related incident.,INV-214,INC-029
EAL-018,2026-09-12T09:15:00-05:00,Performance Degradation,Info,DEV-052,SITE-015,case,INV-109,weekly review,Inverter came online after a planned stop,Closed,Follow the related incident.,INV-109,INC-030
EAL-019,2026-09-13T09:15:00-05:00,Performance Degradation,Warning,DEV-055,SITE-016,case,INV-415,weekly review,Hardware trip cleared after one restart,Closed,Follow the related incident.,INV-415,INC-031
EAL-020,2026-09-14T09:15:00-05:00,Performance Degradation,Info,DEV-060,SITE-017,case,GRID-201,weekly review,Grid returned to the nominal band,Closed,Follow the related incident.,GRID-201,INC-032
EAL-021,2026-09-15T09:15:00-05:00,Performance Degradation,Warning,DEV-028,SITE-008,case,GW-090,weekly review,Gateway RSSI dip during foliage growth,Open,Follow the related incident.,GW-090,INC-033
EAL-022,2026-09-16T09:15:00-05:00,Performance Degradation,Warning,DEV-033,SITE-009,case,GW-140,weekly review,Gateway reboot burst recovered,Closed,Follow the related incident.,GW-140,INC-034
EAL-023,2026-09-17T09:15:00-05:00,Performance Degradation,Warning,DEV-036,SITE-010,case,COM-118,weekly review,Short telemetry gaps on a healthy radio,Closed,Follow the related incident.,COM-118,INC-035
EAL-024,2026-09-18T09:15:00-05:00,Performance Degradation,Info,DEV-039,SITE-011,case,FW-104,weekly review,Firmware bank signature matched the manifest,Closed,Follow the related incident.,FW-104,INC-036
EAL-025,2026-09-26T11:00:00-05:00,Thermal,Warning,DEV-001,SITE-001,battery_temperature_c,51 C,48 C,Pack temperature crossed the warning line during the rise that later tripped the pack.,Closed,Keep watching. Do not raise the threshold.,THERM-110,INC-001
EAL-026,2026-09-26T14:20:00-05:00,Thermal,Critical,DEV-001,SITE-001,battery_temperature_c,66 C,60 C,THERM-201 protective shutdown. Cooling fan tach was zero.,Closed,Leave the pack offline and replace the cooling fan.,THERM-201,INC-001
EAL-027,2026-09-26T14:40:00-05:00,Device Offline,Critical,DEV-001,SITE-001,operating_state,Offline,Online,Battery stopped reporting after the thermal protective shutdown.,Open,Replace the fan before recommissioning.,THERM-201,INC-001
EAL-028,2026-09-15T06:20:00-05:00,Firmware,Error,DEV-012,SITE-004,communication_latency_ms,340 ms,120 ms,COM-214 after the 4.3.0 install. Signal strength still nominal.,Open,Upgrade this battery from 4.3.0 to 4.3.1.,COM-214,INC-002
EAL-029,2026-09-15T06:40:00-05:00,Communication,Error,DEV-098,SITE-025,communication_latency_ms,330 ms,120 ms,Gateway still on 4.3.0 with the heartbeat regression.,Open,Upgrade to 4.3.1. Do not replace the radio.,COM-214,INC-002
EAL-030,2026-09-18T11:00:00-05:00,Firmware,Info,DEV-008,SITE-002,firmware_version,4.2.1,4.3.0,Rollback to 4.2.1 completed. Latency returned to the normal band.,Closed,Leave this gateway on 4.2.1 until 4.3.1 is scheduled.,COM-214,INC-002
EAL-031,2026-09-17T18:00:00-05:00,Configuration,Error,DEV-019,SITE-006,Inverter Power Limit,75 kW,90 kW,"Running power limit did not match the expected 90 kW, and discharge peaks flatlined.",Closed,Restored. Confirm the latest configuration row is 90 kW.,CFG-101,INC-003
EAL-032,2026-09-25T01:40:00-05:00,Communication,Critical,DEV-025,SITE-007,signal_strength_dbm,-104 dBm,-95 dBm,Signal strength and latency both degraded before the gateway went offline.,Open,Replace the radio path. This is not the 4.3.0 heartbeat fault.,COM-101,INC-004
EAL-033,2026-09-25T02:00:00-05:00,Device Offline,Critical,DEV-025,SITE-007,operating_state,Offline,Online,Gateway stopped reporting.,Open,Radio replacement is staged.,COM-101,INC-004
EAL-034,2026-09-22T13:00:00-05:00,Voltage,Error,DEV-026,SITE-008,battery_voltage,705 to 812 V,740 to 770 V,HW-C pack voltage unstable before BAT-204.,Open,Keep the discharge cap until the busbar is re-torqued.,BAT-204,INC-005
EAL-035,2026-09-22T13:00:00-05:00,Repeated Fault,Warning,DEV-031,SITE-009,battery_voltage,outside 740 to 770 V,740 to 770 V,Second site with the HW-C BAT-204 pattern.,Acknowledged,Include this pack in the torque campaign.,BAT-204,INC-005
EAL-036,2026-09-24T16:40:00-05:00,Repeated Fault,Warning,DEV-034,SITE-010,error_code,BAT-204,none in 7 days,"Third HW-C site. No dense telemetry on this pack, same fault code and revision.",Acknowledged,Include in the same investigation.,BAT-204,INC-005
EAL-037,2026-09-21T16:00:00-05:00,Thermal,Warning,DEV-037,SITE-011,battery_temperature_c,36 C and rising slowly,48 C warning,"Early false thermal warning. Later identified as sensor drift, not the Copper Elm failure.",Closed,Sensor replaced. Do not use the fan-replacement runbook for this one.,THERM-110,INC-006
EAL-038,2026-09-23T17:40:00-05:00,Performance Degradation,Error,DEV-043,SITE-012,inverter_power_kw,6.5 kW,60 kW evening peak,Sudden power collapse with nominal grid frequency.,Open,Replace the power module when the part arrives.,INV-402,INC-007
EAL-039,2026-09-21T03:20:00-05:00,Voltage,Error,DEV-045,SITE-013,battery_soc_percent,step of about 50 points,change matched to energy,Unexpected SOC step. The cause is under investigation. This alert does not name a failed part.,Open,Keep the 40 kW discharge limit. Do not close with a guessed cause.,BAT-330,INC-008
EAL-040,2026-09-25T13:40:00-05:00,Performance Degradation,Error,DEV-066,SITE-019,grid_frequency_hz,61.28 Hz,60.5 Hz,Frequency excursion followed by a latched zero-power state.,Acknowledged,Supervised reset after the trace is archived.,GRID-302,INC-011
EAL-041,2026-09-25T15:00:00-05:00,Thermal,Warning,DEV-054,SITE-016,battery_temperature_c,40 C,60 C trip,Mild flat temperature elevation. The pack is online and below the shutdown threshold.,Open,Proactive review. Do not treat this as THERM-201.,BAT-141,INC-012
EAL-042,2026-09-26T08:00:00-05:00,Communication,Warning,DEV-061,SITE-017,communication_latency_ms,about 140 ms and rising,250 ms timeout,Latency rising with stable signal strength. Gateway is online and not on 4.3.0.,Open,Proactive review before this becomes a disconnect.,GW-090,INC-012
EAL-043,2026-09-26T04:40:00-05:00,Repeated Fault,Warning,DEV-062,SITE-018,restart_count,4 isolated restarts,3 per day,Repeated short watchdog restarts. The pack has not failed.,Open,Proactive review of the BMS supply and task timing.,BMS-218,INC-012
EAL-044,2026-09-09T13:00:00-05:00,Configuration,Warning,DEV-006,SITE-002,SOC Maximum,75 %,90 %,Live mismatch. SOC Maximum is 75 against an expected 90. This row is still open.,Open,Restore SOC Maximum to 90 or document an approved derate.,CFG-101,
EAL-045,2026-09-11T08:40:00-05:00,Configuration,Info,DEV-014,SITE-004,Communication Timeout,8 s,30 s,Live mismatch. Timeout is much shorter than the approved 30 s.,Open,Restore the 30 s timeout.,CFG-101,
EAL-046,2026-09-12T15:10:00-05:00,Configuration,Warning,DEV-013,SITE-004,Grid Voltage Limit,492 V,504 V,Live mismatch on the high grid-voltage limit.,Acknowledged,Restore 504 V unless a change record says otherwise.,CFG-101,
EAL-047,2026-09-17T09:20:00-05:00,Communication,Info,DEV-003,SITE-001,communication_latency_ms,inside band on the next sample,50 ms,Transient telemetry gap alert. Following samples were normal.,Closed,No action. Recorded as a false alarm.,COM-118,
EAL-048,2026-09-10T11:00:00-05:00,Repeated Fault,Info,DEV-048,SITE-014,operating_state,returned to service,contactor closed,Historical contactor event is closed.,Closed,No further action.,REL-204,INC-009
