ticket_id,title,description,priority,status,created_at,assigned_engineer,subsystem,affected_device_id,affected_site_id,related_error_code,related_incident_id,root_cause,resolution,linked_firmware_version
ET-001,DC bus ripple on the first sister inverter,DC bus capacitor ESR rise on the inverter power module,Medium,Closed,2026-09-15T09:15:00-05:00,ENG-118,Inverter,DEV-024,SITE-007,INV-305,INC-013,DC bus capacitor ESR rise on the inverter power module,DC bus capacitor ESR rise on the inverter power module,
ET-002,DC bus ripple on the second sister inverter,DC bus capacitor ESR rise on the inverter power module,Medium,Closed,2026-09-16T09:15:00-05:00,ENG-118,Inverter,DEV-027,SITE-008,INV-305,INC-014,DC bus capacitor ESR rise on the inverter power module,DC bus capacitor ESR rise on the inverter power module,
ET-003,Sense channel stale after a harness reseat,Sense harness fretting,Medium,Closed,2026-09-17T09:15:00-05:00,ENG-118,BMS,DEV-018,SITE-006,BMS-301,INC-015,Connector fretting on the voltage sense harness,Connector fretting on the voltage sense harness,
ET-004,Ride-through recorded during a tap change,Utility tap change,Medium,Closed,2026-09-18T09:15:00-05:00,ENG-118,Grid,DEV-032,SITE-009,INV-318,INC-016,"Utility tap change, inverter stayed online","Utility tap change, inverter stayed online",
ET-005,Balancing left running after charge,Normal balancing,Medium,Closed,2026-09-19T09:15:00-05:00,ENG-118,BMS,DEV-023,SITE-007,BMS-104,INC-017,"Normal balancing, no fault","Normal balancing, no fault",
ET-006,Watchdog during a storm night,Supply dip,Medium,Closed,2026-09-20T09:15:00-05:00,ENG-118,BMS,DEV-042,SITE-012,BMS-218,INC-018,"12 V supply dip during a storm, single restart","12 V supply dip during a storm, single restart",
ET-007,Preferred-band voltage dip shared by two feeders,Utility regulation,Medium,Closed,2026-09-21T09:15:00-05:00,ENG-118,Grid,DEV-035,SITE-010,GRID-118,INC-019,"Shared feeder voltage dip, no inverter damage","Shared feeder voltage dip, no inverter damage",
ET-008,Restart delay held an inverter offline for one cycle,Configured delay,Medium,Closed,2026-09-22T09:15:00-05:00,ENG-118,Inverter,DEV-038,SITE-011,INV-250,INC-020,Restart delay matched the approved 60 s setting,Restart delay matched the approved 60 s setting,
ET-009,Gateway CPU blip during log harvest,Log harvest,Medium,Closed,2026-09-03T09:15:00-05:00,ENG-118,Gateway,DEV-017,SITE-005,GW-101,INC-021,"Operator log harvest, CPU returned to normal","Operator log harvest, CPU returned to normal",
ET-010,Compressed frames enabled on a current image,Expected 4.3.1 feature,Medium,Closed,2026-09-04T09:15:00-05:00,ENG-118,Communications,DEV-020,SITE-006,COM-240,INC-022,Expected behavior of 4.3.1 compressed frames,Expected behavior of 4.3.1 compressed frames,4.3.1
ET-011,Nuisance BMS channel disagreement,"Possible harness issue, not confirmed",Medium,Investigating,2026-09-05T09:15:00-05:00,ENG-118,BMS,DEV-059,SITE-017,BMS-210,INC-023,Under Investigation,,
ET-012,Grid relay inspection after a disconnect drill,"Drill follow-up, no confirmed field failure",Medium,Open,2026-09-06T09:15:00-05:00,ENG-118,Grid,DEV-046,SITE-013,GRID-310,INC-024,,,
ET-013,Cell delta during an overnight charge,Balancer duty cycle too low,Medium,Closed,2026-09-07T09:15:00-05:00,ENG-118,BMS,DEV-065,SITE-019,BAT-101,INC-025,Balancer duty cycle too low on one cell group,Balancer duty cycle too low on one cell group,
ET-014,Charge current overshoot for one sample,Charger handshake glitch,Medium,Closed,2026-09-08T09:15:00-05:00,ENG-118,BMS,DEV-070,SITE-020,BAT-217,INC-026,"Single-sample charge current overshoot, did not repeat","Single-sample charge current overshoot, did not repeat",
ET-015,SOC residual reviewed and left alone,Estimator residual inside a follow-up rest,Medium,Closed,2026-09-09T09:15:00-05:00,ENG-118,BMS,DEV-071,SITE-020,BAT-118,INC-027,Open-circuit voltage agreed with SOC after a 20 minute rest,Open-circuit voltage agreed with SOC after a 20 minute rest,
ET-016,Charge complete at the configured SOC,Normal end of charge,Medium,Closed,2026-09-10T09:15:00-05:00,ENG-118,BMS,DEV-075,SITE-021,BAT-102,INC-028,"Normal end of charge, no field action","Normal end of charge, no field action",
ET-017,Inverter heat-sink derate on a hot afternoon,High ambient and a dusty fan inlet,Medium,Closed,2026-09-11T09:15:00-05:00,ENG-118,Inverter,DEV-049,SITE-014,INV-214,INC-029,"Blocked inverter fan inlet, derate cleared after cleaning","Blocked inverter fan inlet, derate cleared after cleaning",
ET-018,Inverter came online after a planned stop,Normal start,Medium,Closed,2026-09-12T09:15:00-05:00,ENG-118,Inverter,DEV-052,SITE-015,INV-109,INC-030,"Normal start, grid inside limits","Normal start, grid inside limits",
ET-019,Hardware trip cleared after one restart,Nuisance desaturation comparator,Medium,Closed,2026-09-13T09:15:00-05:00,ENG-118,Inverter,DEV-055,SITE-016,INV-415,INC-031,"Single hardware trip, no repeat, power module left in service","Single hardware trip, no repeat, power module left in service",
ET-020,Grid returned to the nominal band,Normal recovery,Medium,Closed,2026-09-14T09:15:00-05:00,ENG-118,Grid,DEV-060,SITE-017,GRID-201,INC-032,Grid voltage and frequency returned to nominal,Grid voltage and frequency returned to nominal,
ET-021,Gateway RSSI dip during foliage growth,"Antenna path, not confirmed as a radio failure",Medium,Open,2026-09-15T09:15:00-05:00,ENG-118,Gateway,DEV-028,SITE-008,GW-090,INC-033,,,
ET-022,Gateway reboot burst recovered,Supply dip,Medium,Closed,2026-09-16T09:15:00-05:00,ENG-118,Gateway,DEV-033,SITE-009,GW-140,INC-034,"Supply dip, reboots stopped after the storm","Supply dip, reboots stopped after the storm",
ET-023,Short telemetry gaps on a healthy radio,Retransmission during a collector pause,Medium,Closed,2026-09-17T09:15:00-05:00,ENG-118,Communications,DEV-036,SITE-010,COM-118,INC-035,"Collector pause, radio path was healthy","Collector pause, radio path was healthy",
ET-024,Firmware bank signature matched the manifest,Normal update pre-check,Medium,Closed,2026-09-18T09:15:00-05:00,ENG-118,Communications,DEV-039,SITE-011,FW-104,INC-036,Inactive bank matched the release manifest,Inactive bank matched the release manifest,
ET-025,Explain the Copper Elm battery offline event,Why did the battery go offline after the temperature rise?,Critical,Closed,2026-09-26T11:00:00-05:00,ENG-104,Thermal,DEV-001,SITE-001,THERM-201,INC-001,Cooling fan bearing seizure,Investigation closed. Fan replacement is a separate open field ticket. Pack is still offline.,4.2.1
ET-026,Replace the seized cooling fan,Install the replacement for CMP-0003 and recommission the pack.,High,Open,2026-09-27T13:40:00-05:00,TECH-210,Thermal,DEV-001,SITE-001,THERM-201,INC-001,Cooling fan bearing seizure,,
ET-027,Halt 4.3.0 and finish the 4.3.1 move,COM-214 started after the 4.3.0 install. 4.3.1 clears it in test and on the patched gateway.,Critical,Investigating,2026-09-15T09:10:00-05:00,ENG-110,Firmware,DEV-012,SITE-004,COM-214,INC-002,Firmware 4.3.0 heartbeat regression,,4.3.0
ET-028,Restore the Limestone inverter power limit,Inverter Power Limit was 75 kW against an expected 90 kW. Afternoon peaks were capped.,High,Resolved,2026-09-15T09:20:00-05:00,ENG-125,Inverter,DEV-019,SITE-006,CFG-101,INC-003,"Configuration mismatch, 75 kW versus expected 90 kW",Restored to 90 kW on 18 Sep. Later discharge peaks were no longer capped.,
ET-029,Owl Hollow gateway offline,Latency and signal strength both collapsed before the gateway stopped reporting.,High,Resolved,2026-09-24T23:00:00-05:00,ENG-104,Communications,DEV-025,SITE-007,COM-101,INC-004,Gateway radio path failure,Cause confirmed. Radio replacement is staged and the gateway is still offline.,4.2.1
ET-030,HW-C busbar torque campaign,BAT-204 at three sites on HW-C under the same discharge condition.,High,Open,2026-09-22T15:10:00-05:00,ENG-125,Battery,DEV-026,SITE-008,BAT-204,INC-005,HW-C power-module busbar torque below spec,,
ET-031,Blue Sage temperature sensor drift,False thermal warnings. Voltage stayed normal and the reading snapped back after replacement.,Medium,Closed,2026-09-21T16:00:00-05:00,ENG-118,Thermal,DEV-037,SITE-011,THERM-155,INC-006,Temperature sensor drift,Sensor replaced. Distinct from the Copper Elm cooling-fan shutdown.,
ET-032,Warm Spring inverter power collapse,Power fell from about 78 kW to 6.5 kW in one sample with a normal grid.,High,Blocked,2026-09-23T17:40:00-05:00,ENG-125,Inverter,DEV-043,SITE-012,INV-402,INC-007,Failed inverter power module,,
ET-033,Investigate the unexpected SOC step,Symptom is real. Do not close this ticket with a guessed cause.,High,Open,2026-09-21T04:20:00-05:00,ENG-101,Battery,DEV-045,SITE-013,BAT-330,INC-008,Under Investigation,,
ET-034,Hold instruments for the SOC step,A calibrated current sensor may be used later as a test. The test is not a confirmed fix.,Medium,Investigating,2026-09-22T09:30:00-05:00,ENG-101,BMS,DEV-045,SITE-013,BAT-330,INC-008,Under Investigation,,
ET-035,Coil driver replacement follow-up,Unexpected contactor open. Coil current was zero.,Medium,Closed,2026-09-08T20:00:00-05:00,ENG-104,Battery,DEV-048,SITE-014,REL-204,INC-009,Contactor coil driver failed,Driver replaced and the pack returned to service.,
ET-036,Precharge resistor replacement follow-up,Same outward contactor symptom as the coil-driver case. Voltage did not rise and coil current was present.,Medium,Closed,2026-09-11T19:00:00-05:00,ENG-104,Battery,DEV-051,SITE-015,REL-210,INC-010,Open precharge resistor,Resistor replaced. Cause is not the coil driver.,
ET-037,Reset the latched inverter after the frequency excursion,Frequency hit 61.28 Hz and the inverter stayed at zero power after the grid recovered.,High,Investigating,2026-09-25T13:40:00-05:00,ENG-110,Grid,DEV-066,SITE-019,GRID-302,INC-011,Grid frequency excursion with a latched inverter protection trip,,
ET-038,Review mildly elevated pack temperature,"Device is still online. This is a proactive review, not a failed-system repair.",Medium,Open,2026-09-26T09:30:00-05:00,ENG-101,Battery,DEV-054,SITE-016,BAT-141,INC-012,,,
ET-039,Review rising gateway latency,"Device is still online. This is a proactive review, not a failed-system repair.",Medium,Open,2026-09-26T09:30:00-05:00,ENG-101,Gateway,DEV-061,SITE-017,GW-090,INC-012,,,
ET-040,Review repeated watchdog restarts,"Device is still online. This is a proactive review, not a failed-system repair.",Medium,Open,2026-09-26T09:30:00-05:00,ENG-101,Battery,DEV-062,SITE-018,BMS-218,INC-012,,,
ET-041,Update the HW-C installation checklist,Add the busbar torque check to the installation guide.,Low,Open,2026-09-12T10:00:00-05:00,ENG-118,Battery,DEV-015,SITE-005,,,,,
ET-042,Lab bench time for the 4.3.1 heartbeat test,Reserve the hardware-in-loop bench.,Low,Closed,2026-09-12T10:00:00-05:00,ENG-118,Firmware,DEV-015,SITE-005,,,,Completed.,
ET-043,Archive the September frequency trace,Store the grid trace with the incident package.,Low,Resolved,2026-09-12T10:00:00-05:00,ENG-118,Grid,DEV-015,SITE-005,,,,Completed.,
ET-044,Order a spare Sill-90 power module,Stock one module for the faulted inverter.,Medium,Blocked,2026-09-12T10:00:00-05:00,ENG-118,Inverter,DEV-043,SITE-012,,,,,
