incident_id,incident_title,severity,status,created_at,resolved_at,affected_device_count,affected_site_count,primary_subsystem,suspected_root_cause,confirmed_root_cause,impact,mitigation,permanent_fix,firmware_related,related_firmware_version
INC-001,Pack thermal shutdown on Copper Elm Node,Critical,Resolved,2026-09-26T11:00:00-05:00,2026-09-27T15:10:00-05:00,1,1,Thermal,Cooling fan stopped during a sustained discharge.,Cooling fan bearing seizure caused a real pack temperature rise and a THERM-201 protective shutdown.,DEV-001 went offline after pack temperature climbed from about 34 C to about 73 C.,Pack left offline. Temperature threshold was not raised.,Replace cooling fan CMP-0003 and recommission DEV-001.,false,
INC-002,Heartbeat session drops after 4.3.0,High,Mitigated,2026-09-15T07:00:00-05:00,,5,5,Communications,4.3.0 heartbeat state machine.,Firmware 4.3.0 drops healthy sessions when one-way latency exceeds 120 ms. 4.3.1 restores the 4.2.1 heartbeat timing.,Five devices raised COM-214 after the 15 Sep 4.3.0 window. Signal strength did not fall.,4.3.0 rollout halted. Two devices rolled back to 4.2.1. One gateway upgraded to 4.3.1.,Move remaining 4.3.0 devices to 4.3.1. Do not deploy 4.3.0.,true,4.3.0
INC-003,Inverter power capped by a mismatched limit,High,Resolved,2026-09-14T18:20:00-05:00,2026-09-18T12:00:00-05:00,1,1,Inverter,Inverter Power Limit left at 75 kW against the expected 90 kW.,A field edit set Inverter Power Limit to 75 kW. The approved expected value is 90 kW. Restoring 90 kW cleared the repeated INV-360 faults.,Afternoon discharge on the Limestone Yard inverter flatlined near 75 kW from 14 Sep through 17 Sep.,Power limit restored to 90 kW on 18 Sep.,Require an engineering change before a field edit to Inverter Power Limit.,false,
INC-004,Gateway link loss after signal collapse,High,Resolved,2026-09-24T23:00:00-05:00,2026-09-26T16:00:00-05:00,1,1,Communications,Radio path or antenna failure.,"Gateway radio path failed. Latency rose and signal strength fell together, then the gateway went offline. Firmware remained 4.2.1.",DEV-025 stopped reporting at 2026-09-25 02:00 after RSSI fell past -100 dBm.,Site dispatched for antenna and radio replacement. Neighboring gateways on 4.3.0 were not part of this path failure.,Replace the gateway radio module and re-aim the antenna.,false,
INC-005,HW-C cell imbalance at three sites,High,Mitigated,2026-09-16T14:00:00-05:00,,3,3,Battery,Shared HW-C power-module busbar torque issue.,HW-C power-module busbar torque below spec causes cell-group voltage imbalance under discharge above 70 kW.,BAT-204 recurred at three sites on HW-C packs during similar late-day discharge.,Discharge on the three packs capped at 60 kW until the busbars are re-torqued.,Re-torque the HW-C busbar and add the torque check to the HW-C installation guide.,false,
INC-006,False thermal warnings from a drifting pack sensor,Medium,Resolved,2026-09-21T16:00:00-05:00,2026-09-24T12:00:00-05:00,1,1,Thermal,Temperature sensor drift rather than a real pack heat rise.,The pack temperature sensor drifted high over four days and snapped back to about 28 C when it was replaced. Cooling and current were normal.,False THERM-110 warnings. The pack stayed online. This is not the Copper Elm thermal shutdown.,"Ignored the high channel after the redundant channel stayed normal, then replaced the sensor.",Replaced CMP-0210 with CMP-0216.,false,
INC-007,Sudden inverter power collapse,High,Mitigated,2026-09-23T17:40:00-05:00,,1,1,Inverter,Power module or gate driver failed while the grid stayed nominal.,Inverter power module failed. Output fell from about 78 kW to 6.5 kW in one 20-minute sample while grid frequency stayed near 60 Hz and the DC bus sagged.,DEV-043 remains faulted. The site lost the evening discharge.,Site transferred the evening discharge to the utility feed.,Replace the inverter power module. Waiting on the replacement part.,false,
INC-008,Unexpected SOC step with no confirmed cause,High,Investigating,2026-09-21T03:50:00-05:00,,1,1,Battery,"Unconfirmed hypotheses: SOC estimator bias, current-sensor offset, or standby parasitic load. None confirmed.",Under Investigation,DEV-045 reported SOC fell by about 50 points at 03:20 on 21 Sep while current and power stayed near zero at that sample.,Discharge power limited to 40 kW while the investigation continues. No part has been condemned.,,false,
INC-009,Contactor opened during discharge,High,Closed,2026-09-08T19:20:00-05:00,2026-09-10T15:00:00-05:00,1,1,Battery,Contactor coil driver.,Contactor coil driver failed. Coil current stayed at zero while the close command was present.,The pack opened the main contactor during a routine discharge and stayed offline until repaired. No thermal alarm and no firmware change in the prior 7 days.,Pack left open until the driver was replaced.,Replaced the contactor coil driver.,false,
INC-010,Contactor opened during discharge,High,Closed,2026-09-11T18:40:00-05:00,2026-09-14T12:00:00-05:00,1,1,Battery,Precharge resistor.,Precharge resistor was open. The main contactor correctly stayed open because DC bus voltage did not rise. Coil current was present.,The pack opened the main contactor during a routine discharge and stayed offline until repaired. No thermal alarm and no firmware change in the prior 7 days.,Pack left open until the precharge resistor was replaced.,Replaced the precharge resistor.,false,
INC-011,Inverter latched after a grid frequency excursion,High,Mitigated,2026-09-25T13:40:00-05:00,,1,1,Grid,Utility frequency disturbance.,Grid frequency reached 61.28 Hz. The inverter protection latch held output at zero after frequency returned to 60 Hz.,Evening discharge at Lantern Field did not run. The inverter is still faulted.,Leave the latch set until a supervised reset. Do not replace the power module for this event.,Supervised reset after the grid trace is archived.,false,
INC-012,Proactive watch: early signals on three online systems,Medium,Monitoring,2026-09-25T16:00:00-05:00,,3,3,Battery,"No failure yet. Early signals only: flat elevated temperature, slowly rising latency, and repeated short watchdog restarts.",,None of the three devices is offline or faulted. The signals are below trip thresholds.,Watch list only. Do not roll a firmware image or replace hardware on this evidence alone.,,false,
INC-013,DC bus ripple on the first sister inverter,Error,Resolved,2026-09-15T09:15:00-05:00,2026-09-17T09:15:00-05:00,1,1,Inverter,DC bus capacitor ESR rise on the inverter power module,DC bus capacitor ESR rise on the inverter power module,Limited to DEV-024 at SITE-007.,Corrective work completed.,DC bus capacitor ESR rise on the inverter power module,false,
INC-014,DC bus ripple on the second sister inverter,Error,Closed,2026-09-16T09:15:00-05:00,2026-09-18T09:15:00-05:00,1,1,Inverter,DC bus capacitor ESR rise on the inverter power module,DC bus capacitor ESR rise on the inverter power module,Limited to DEV-027 at SITE-008.,Corrective work completed.,DC bus capacitor ESR rise on the inverter power module,false,
INC-015,Sense channel stale after a harness reseat,Warning,Resolved,2026-09-17T09:15:00-05:00,2026-09-19T09:15:00-05:00,1,1,BMS,Sense harness fretting,Connector fretting on the voltage sense harness,Limited to DEV-018 at SITE-006.,Corrective work completed.,Connector fretting on the voltage sense harness,false,
INC-016,Ride-through recorded during a tap change,Info,Closed,2026-09-18T09:15:00-05:00,2026-09-20T09:15:00-05:00,1,1,Grid,Utility tap change,"Utility tap change, inverter stayed online",Limited to DEV-032 at SITE-009.,Corrective work completed.,"Utility tap change, inverter stayed online",false,
INC-017,Balancing left running after charge,Info,Closed,2026-09-19T09:15:00-05:00,2026-09-21T09:15:00-05:00,1,1,BMS,Normal balancing,"Normal balancing, no fault",Limited to DEV-023 at SITE-007.,Corrective work completed.,"Normal balancing, no fault",false,
INC-018,Watchdog during a storm night,Warning,Resolved,2026-09-20T09:15:00-05:00,2026-09-22T09:15:00-05:00,1,1,BMS,Supply dip,"12 V supply dip during a storm, single restart",Limited to DEV-042 at SITE-012.,Corrective work completed.,"12 V supply dip during a storm, single restart",false,
INC-019,Preferred-band voltage dip shared by two feeders,Warning,Closed,2026-09-21T09:15:00-05:00,2026-09-23T09:15:00-05:00,1,1,Grid,Utility regulation,"Shared feeder voltage dip, no inverter damage",Limited to DEV-035 at SITE-010.,Corrective work completed.,"Shared feeder voltage dip, no inverter damage",false,
INC-020,Restart delay held an inverter offline for one cycle,Info,Closed,2026-09-22T09:15:00-05:00,2026-09-24T09:15:00-05:00,1,1,Inverter,Configured delay,Restart delay matched the approved 60 s setting,Limited to DEV-038 at SITE-011.,Corrective work completed.,Restart delay matched the approved 60 s setting,false,
INC-021,Gateway CPU blip during log harvest,Warning,Resolved,2026-09-03T09:15:00-05:00,2026-09-05T09:15:00-05:00,1,1,Gateway,Log harvest,"Operator log harvest, CPU returned to normal",Limited to DEV-017 at SITE-005.,Corrective work completed.,"Operator log harvest, CPU returned to normal",false,
INC-022,Compressed frames enabled on a current image,Info,Closed,2026-09-04T09:15:00-05:00,2026-09-06T09:15:00-05:00,1,1,Communications,Expected 4.3.1 feature,Expected behavior of 4.3.1 compressed frames,Limited to DEV-020 at SITE-006.,Corrective work completed.,Expected behavior of 4.3.1 compressed frames,true,4.3.1
INC-023,Nuisance BMS channel disagreement,Warning,Investigating,2026-09-05T09:15:00-05:00,,1,1,BMS,"Possible harness issue, not confirmed",Under Investigation,Limited to DEV-059 at SITE-017.,See the ticket.,,false,
INC-024,Grid relay inspection after a disconnect drill,Warning,Monitoring,2026-09-06T09:15:00-05:00,,1,1,Grid,"Drill follow-up, no confirmed field failure",,Limited to DEV-046 at SITE-013.,See the ticket.,,false,
INC-025,Cell delta during an overnight charge,Warning,Closed,2026-09-07T09:15:00-05:00,2026-09-09T09:15:00-05:00,1,1,BMS,Balancer duty cycle too low,Balancer duty cycle too low on one cell group,Limited to DEV-065 at SITE-019.,Corrective work completed.,Balancer duty cycle too low on one cell group,false,
INC-026,Charge current overshoot for one sample,Warning,Resolved,2026-09-08T09:15:00-05:00,2026-09-10T09:15:00-05:00,1,1,BMS,Charger handshake glitch,"Single-sample charge current overshoot, did not repeat",Limited to DEV-070 at SITE-020.,Corrective work completed.,"Single-sample charge current overshoot, did not repeat",false,
INC-027,SOC residual reviewed and left alone,Info,Closed,2026-09-09T09:15:00-05:00,2026-09-11T09:15:00-05:00,1,1,BMS,Estimator residual inside a follow-up rest,Open-circuit voltage agreed with SOC after a 20 minute rest,Limited to DEV-071 at SITE-020.,Corrective work completed.,Open-circuit voltage agreed with SOC after a 20 minute rest,false,
INC-028,Charge complete at the configured SOC,Info,Closed,2026-09-10T09:15:00-05:00,2026-09-12T09:15:00-05:00,1,1,BMS,Normal end of charge,"Normal end of charge, no field action",Limited to DEV-075 at SITE-021.,Corrective work completed.,"Normal end of charge, no field action",false,
INC-029,Inverter heat-sink derate on a hot afternoon,Warning,Resolved,2026-09-11T09:15:00-05:00,2026-09-13T09:15:00-05:00,1,1,Inverter,High ambient and a dusty fan inlet,"Blocked inverter fan inlet, derate cleared after cleaning",Limited to DEV-049 at SITE-014.,Corrective work completed.,"Blocked inverter fan inlet, derate cleared after cleaning",false,
INC-030,Inverter came online after a planned stop,Info,Closed,2026-09-12T09:15:00-05:00,2026-09-14T09:15:00-05:00,1,1,Inverter,Normal start,"Normal start, grid inside limits",Limited to DEV-052 at SITE-015.,Corrective work completed.,"Normal start, grid inside limits",false,
INC-031,Hardware trip cleared after one restart,Error,Resolved,2026-09-13T09:15:00-05:00,2026-09-15T09:15:00-05:00,1,1,Inverter,Nuisance desaturation comparator,"Single hardware trip, no repeat, power module left in service",Limited to DEV-055 at SITE-016.,Corrective work completed.,"Single hardware trip, no repeat, power module left in service",false,
INC-032,Grid returned to the nominal band,Info,Closed,2026-09-14T09:15:00-05:00,2026-09-16T09:15:00-05:00,1,1,Grid,Normal recovery,Grid voltage and frequency returned to nominal,Limited to DEV-060 at SITE-017.,Corrective work completed.,Grid voltage and frequency returned to nominal,false,
INC-033,Gateway RSSI dip during foliage growth,Warning,Monitoring,2026-09-15T09:15:00-05:00,,1,1,Gateway,"Antenna path, not confirmed as a radio failure",,Limited to DEV-028 at SITE-008.,See the ticket.,,false,
INC-034,Gateway reboot burst recovered,Warning,Resolved,2026-09-16T09:15:00-05:00,2026-09-18T09:15:00-05:00,1,1,Gateway,Supply dip,"Supply dip, reboots stopped after the storm",Limited to DEV-033 at SITE-009.,Corrective work completed.,"Supply dip, reboots stopped after the storm",false,
INC-035,Short telemetry gaps on a healthy radio,Warning,Closed,2026-09-17T09:15:00-05:00,2026-09-19T09:15:00-05:00,1,1,Communications,Retransmission during a collector pause,"Collector pause, radio path was healthy",Limited to DEV-036 at SITE-010.,Corrective work completed.,"Collector pause, radio path was healthy",false,
INC-036,Firmware bank signature matched the manifest,Info,Closed,2026-09-18T09:15:00-05:00,2026-09-20T09:15:00-05:00,1,1,Communications,Normal update pre-check,Inactive bank matched the release manifest,Limited to DEV-039 at SITE-011.,Corrective work completed.,Inactive bank matched the release manifest,false,
