error_code,severity,subsystem,title,description,likely_causes,recommended_diagnostic_steps,escalation_required,known_firmware_fix,related_component_type
BAT-101,Warning,Battery,Cell delta elevated during charge,One cell group is more than 30 mV from the pack median while charging.,Uneven cell aging; balancer duty cycle too low; loose sense lead,1) Compare group voltages in the BMS snapshot. 2) Confirm the balancer is running. 3) Reseat the sense harness if the delta is on one channel only.,false,,Voltage Sensor
BAT-102,Info,Battery,Charge complete,The pack reached the configured SOC maximum and charge current tapered to standby.,Normal end of charge,1) Confirm SOC matches the coulomb count. 2) No field action if the taper was controlled.,false,,BMS
BAT-118,Warning,Battery,SOC residual above estimate band,The SOC estimator and the coulomb counter differ by more than 8 points.,Current sensor offset; estimator bias after a partial cycle; stale voltage reference,1) Rest the pack for 20 minutes and compare open-circuit voltage to SOC. 2) Check current-sensor zero. 3) Do not recalibrate until the residual repeats.,false,,Current Sensor
BAT-141,Warning,Battery,Charge rate limited by temperature,The BMS reduced charge current because pack temperature entered the derate band.,High ambient; cooling airflow low; sustained charge,1) Read pack temperature and the cooling command. 2) Confirm inlet air path. 3) Compare with the site sensor.,false,,Cooling Fan
BAT-204,Error,Battery,Cell group voltage imbalance,A cell group diverged by more than 80 mV under discharge above 70 kW.,HW-C power-module busbar torque below spec; cell group connection resistance; voltage sense drift,1) Capture group voltages at the next discharge above 70 kW. 2) Compare hardware revision. 3) Torque-check the HW-C busbar before replacing cells.,true,,Power Module
BAT-217,Warning,Battery,Charge current above setpoint,Charge current exceeded the configured max for one sample and then returned.,Transient setpoint overshoot; current sensor spike; charger handshake glitch,1) Check whether the spike lasted more than one sample. 2) Compare current sensor to the inverter DC reading. 3) Clear if it does not repeat.,false,,Current Sensor
BAT-330,Error,Battery,Unexpected SOC step,Reported SOC changed by more than 25 points without a matching charge or discharge energy.,Unconfirmed: SOC estimator bias; current-sensor offset; unmetered standby load,1) Compare SOC to integrated current across the step. 2) Check firmware against peers. 3) Do not declare a cause until a second instrument agrees.,true,,BMS
BAT-340,Critical,Battery,Contactor opened under load,The main contactor opened while discharge current was above 20 A.,Contactor coil driver fault; precharge circuit open; protection latch,1) Read the contactor coil current at the trip. 2) Check precharge voltage rise time. 3) Leave the pack open until the driver or precharge part is identified.,true,,Contactor
BMS-104,Info,BMS,Cell balancing active,The BMS enabled passive balancing on one or more cell groups.,Normal balancing after a charge,1) Confirm balance current is inside the BMS spec. 2) No action if group delta is falling.,false,,BMS
BMS-210,Warning,BMS,BMS temperature channels disagree,Two BMS temperature channels differ by more than 6 C while current is below 10 A.,Sensor drift; harness resistance; real local hotspot,1) Compare both channels to the pack current. 2) A drift case stays high at zero current. 3) A hotspot rises with current.,false,,Temperature Sensor
BMS-218,Warning,BMS,BMS watchdog restart,The BMS watchdog reset the controller and the pack returned to the previous state within one minute.,Supply dip; firmware task overrun; noise on the reset line,1) Count restarts in 24 hours. 2) Check the 12 V rail. 3) Escalate if more than three restarts occur in a day.,false,,BMS
BMS-301,Error,BMS,Cell voltage sense channel stale,A voltage sense channel missed three updates.,Sense harness; BMS analog front end; connector fretting,1) Identify the stale channel. 2) Swap the sense lead to a known-good port if the procedure allows. 3) Replace the harness before the BMS board.,true,,Voltage Sensor
BMS-330,Critical,BMS,BMS safety latch,The BMS latched a safety output and opened the contactors.,Real protection event; failed safety input; firmware latch bug,1) Read the latch source bit. 2) Do not clear the latch until telemetry around the bit is saved.,true,,BMS
INV-109,Info,Inverter,Inverter online,The inverter completed precharge and closed its AC contactor.,Normal start,1) Confirm grid voltage and frequency are inside limits. 2) No action.,false,,Inverter Controller
INV-201,Error,Inverter,Inverter protection latch,The inverter latched offline after a protection comparison failed.,Grid excursion; hardware trip; nuisance comparison after a firmware change,1) Read the latch reason. 2) Compare grid frequency and voltage in the minute before the latch. 3) Leave the latch set if the grid trace is still outside limits.,true,,Inverter Controller
INV-214,Warning,Inverter,Inverter thermal derate,AC output was reduced because the inverter heat sink crossed the derate threshold.,Blocked airflow; high ambient; fan wear,1) Compare heat-sink temperature to power. 2) Inspect the inverter fan. 3) Derate is expected only above the configured temperature threshold.,false,,Cooling Fan
INV-250,Warning,Inverter,Restart delay active,The inverter is waiting out the configured restart delay before reconnecting.,Recent trip; configured delay; operator command,1) Read the delay timer. 2) Confirm the delay matches the approved configuration.,false,,Inverter Controller
INV-305,Error,Inverter,DC bus ripple above spec,DC bus ripple exceeded 25 V peak to peak at power above 40 kW.,DC bus capacitor ESR rise; loose DC link; current sensor noise,1) Capture ripple at a known power. 2) Compare with a sister inverter on the same bus. 3) Plan a power-module swap if ESR is high on HW-B modules.,true,,Power Module
INV-318,Warning,Inverter,AC overvoltage ride-through,Grid voltage entered the ride-through band and the inverter stayed online.,Utility switching; tap changer; local capacitor switching,1) Record the voltage peak and duration. 2) No inverter repair if the event stayed inside the ride-through curve.,false,,Inverter Controller
INV-360,Error,Inverter,Output capped below commanded power,Commanded discharge was above the measured AC power by more than 10 kW for at least 15 minutes.,Inverter power limit set below the engineered value; thermal derate; current limit,1) Read Inverter Power Limit and compare it to the expected value. 2) Check configuration_status. 3) Confirm temperature is not in derate.,true,,Inverter Controller
INV-402,Error,Inverter,Inverter output collapsed,AC power fell by more than 50 kW in one sample while the grid was inside normal limits.,Phase module fault; gate-driver undervoltage; DC input sag,"1) Compare grid voltage and DC bus at the drop. 2) If the grid is normal and the bus sags, inspect the power module. 3) Open a hardware ticket if the output stays down.",true,,Power Module
INV-415,Critical,Inverter,Inverter hardware trip,A hardware comparator tripped the inverter faster than the software loop.,Desaturation; overcurrent; failed gate driver,1) Do not restart more than once. 2) Capture the hardware trip code. 3) Replace the power module if desaturation is set.,true,,Power Module
COM-090,Info,Communications,Link quality nominal,Heartbeat latency and signal strength are inside the nominal band.,Normal operation,1) No action.,false,,Communication Module
COM-101,Error,Communications,Gateway link loss,The gateway stopped acknowledging heartbeats after signal strength fell and latency rose.,Antenna or cable; interference; failed gateway radio,1) Compare latency and signal strength. 2) A radio fault moves both. 3) A firmware heartbeat fault moves latency only. 4) Inspect the antenna if signal strength fell by more than 15 dBm.,true,,Gateway
COM-118,Warning,Communications,Intermittent telemetry gap,More than two expected telemetry frames were missing in 30 minutes.,Latency rise; retransmission; gateway buffer,1) Check communication latency and signal strength. 2) Count gaps before escalating.,false,,Communication Module
COM-214,Error,Communications,Heartbeat session dropped,The session layer dropped a healthy link when one-way latency exceeded 120 ms. Signal strength stays nominal.,Firmware 4.3.0 heartbeat state machine regression,1) Confirm signal strength is unchanged. 2) Confirm the device is on 4.3.0. 3) Roll back to 4.2.1 or upgrade to 4.3.1. 4) Do not replace the radio if signal strength is nominal.,true,4.3.1,Communication Module
COM-240,Info,Communications,Compressed telemetry frames enabled,The gateway is sending the compressed frame format introduced in 4.3.0.,Firmware feature,1) Confirm the collector accepts compressed frames. 2) No fault action.,false,,Communication Module
THERM-110,Warning,Thermal,Pack temperature above warning threshold,"Pack temperature crossed 48 C. This is a warning, not a shutdown.",Real heat rise; sensor drift; high ambient,1) Compare the rate of rise. 2) A real rise tracks current and does not snap back. 3) A drifting sensor rises at low current and snaps back after replacement.,false,,Temperature Sensor
THERM-155,Warning,Thermal,Temperature rate of change implausible,Reported temperature changed faster than the pack thermal mass allows.,Temperature sensor drift or a loose sensor lead,1) Compare the step to pack current. 2) Check the redundant channel. 3) Replace the sensor if the channels disagree at low current.,false,,Temperature Sensor
THERM-201,Critical,Thermal,Pack thermal protective shutdown,The BMS opened the contactors because pack temperature crossed the protective threshold.,Cooling fan stopped; blocked airflow; sustained discharge,1) Read temperature for the two hours before the trip. 2) Confirm the cooling fan tach. 3) Do not raise the temperature threshold to clear this fault. 4) Replace the fan if tach is zero while temperature is rising.,true,,Cooling Fan
GRID-118,Warning,Grid,Grid voltage outside preferred band,Grid voltage left the preferred band but stayed inside the trip limits.,Utility regulation; local switching,1) Record duration. 2) Compare with the neighboring site. 3) No inverter repair for a shared grid dip.,false,,Voltage Sensor
GRID-201,Info,Grid,Grid nominal,Grid voltage and frequency returned to the nominal band.,Normal recovery,1) No action.,false,,Inverter Controller
GRID-302,Error,Grid,Grid frequency excursion,Grid frequency left the 59.5 to 60.5 Hz operating band.,Utility disturbance; islanding; measurement error,"1) Confirm the excursion on the inverter and the gateway. 2) If both agree, treat it as a grid event. 3) The inverter may latch even after frequency returns.",true,,Inverter Controller
GRID-310,Critical,Grid,Grid disconnect,The inverter opened the AC contactor because the grid stayed outside limits past the ride-through timer.,Sustained grid disturbance; failed grid relay,1) Save the pre-trip waveform. 2) Reclose only after the grid is inside limits for the restart delay.,true,,Relay
GW-090,Warning,Gateway,Signal strength declining,RSSI fell more than 8 dBm from the site baseline and is still falling.,Antenna alignment; foliage; interference; failing radio,1) Compare RSSI to latency. 2) Inspect the antenna if latency is still low. 3) Escalate if RSSI crosses -95 dBm.,false,,Gateway
GW-101,Warning,Gateway,Gateway CPU elevated,Gateway CPU stayed above 80 percent for 10 minutes.,Firmware 4.4.0 lab build; log flood; retry storm,1) Check the firmware version. 2) Confirm this is not a 4.3.0 heartbeat storm. 3) Capture a CPU profile before replacing hardware.,false,,Gateway
GW-140,Error,Gateway,Gateway restart loop,The gateway rebooted more than three times in an hour.,Power supply; firmware crash; watchdog,1) Read the reboot reason. 2) Check the supply rail. 3) Hold the device out of the firmware rollout if the reboot reason is a panic.,true,,Gateway
FW-104,Info,Firmware,Firmware bank verified,The inactive firmware bank signature matched the release manifest.,Normal update pre-check,1) No action.,false,,Communication Module
FW-210,Error,Firmware,Heartbeat regression signature,The device logged the 4.3.0 heartbeat state-machine signature while the radio link was healthy.,Firmware 4.3.0 communications regression,1) Confirm version 4.3.0. 2) Upgrade to 4.3.1 or roll back to 4.2.1. 3) Use COM-214 as the customer-facing fault code.,true,4.3.1,Communication Module
CFG-090,Warning,Inverter,Power limit below rated power,Inverter Power Limit is more than 10 kW below the nameplate rating.,Configuration mismatch; intentional derate,"1) Compare parameter_value to expected_value. 2) If they differ, the row is a mismatch, not a hardware fault.",false,,Inverter Controller
CFG-101,Error,Inverter,Configuration outside approved envelope,A running parameter does not match the approved expected value for the site.,Field edit without an engineering change; stale template,1) Open device_configuration for the device. 2) Restore the expected value through a change record. 3) Confirm faults stop after the new last_modified time.,true,,Inverter Controller
REL-204,Error,Battery,Contactor coil driver fault,The contactor was commanded closed and the coil current stayed at zero.,Failed coil driver; open coil; harness,"1) Measure coil current. 2) If the command is present and current is zero, replace the driver. 3) Do not confuse this with a precharge-resistor failure.",true,,Contactor
REL-210,Error,Battery,Precharge resistor open,"DC bus voltage did not rise during the precharge window, so the main contactor stayed open.",Open precharge resistor; welded precharge relay; blown fuse,1) Check precharge voltage slope. 2) A coil-driver fault still shows coil current at zero. 3) This fault shows coil current present and no voltage rise.,true,,Relay
SEN-112,Warning,Thermal,Redundant temperature channels diverged,The primary pack temperature and the redundant channel differ by more than 8 C.,Primary sensor drift; redundant sensor drift; real gradient,1) Trust the channel that agrees with current and with the site probe. 2) Replace the divergent sensor. 3) Do not shut the pack down on one divergent channel if current is low.,false,,Temperature Sensor
