analysis_id,incident_id,device_id,failure_mode,symptoms,contributing_factors,investigation_method,evidence,root_cause,corrective_action,preventive_action,confidence,analysis_date
FA-001,INC-001,DEV-001,Cooling fan seizure with protective thermal shutdown,"Temperature rose from about 34 C to about 73 C during discharge, THERM-201 tripped, pack went offline.",Sustained discharge with fan tach at zero.,"Telemetry review, fan tach, firmware comparison, configuration check.",Temperature trace on DEV-001; fan component CMP-0003 status Failed; threshold matched expected.,Cooling fan bearing seizure caused a real pack temperature rise and a THERM-201 protective shutdown.,Replace the cooling fan and recommission.,Add a fan-tach alarm before temperature reaches the warning line.,High,2026-09-27
FA-002,INC-002,DEV-012,Heartbeat session drop on firmware 4.3.0,"COM-214 after the 4.3.0 install, latency high, RSSI unchanged.",Session-layer heartbeat change from 4.2.1.,"Firmware history aligned to fault time, lab latency injection, comparison with 4.3.1.",Faults begin after installed_at of 4.3.0. 4.3.1 test passes the same case.,Firmware 4.3.0 drops healthy sessions when one-way latency exceeds 120 ms.,Roll back to 4.2.1 or upgrade to 4.3.1. Halt 4.3.0.,Require the 180 ms heartbeat test before the next communications release.,High,2026-09-21
FA-003,INC-003,DEV-019,Commanded power blocked by a low configured limit,Afternoon peaks flatlined near 75 kW and INV-360 repeated.,Field edit without a change record.,Configuration diff and before/after telemetry.,Historical configuration row parameter_value 75 expected_value 90. Later row is 90 and 90. Peaks recovered after 18 Sep 10:00.,Inverter Power Limit was set to 75 kW against the expected 90 kW.,Restored the limit to 90 kW.,Block field edits that do not match expected_value.,High,2026-09-18
FA-004,INC-004,DEV-025,Gateway radio path failure,"Latency up, RSSI down, then offline.",Antenna or radio hardware. Firmware was 4.2.1.,Dual-metric telemetry and firmware history.,RSSI fell from about -68 dBm toward -107 dBm while latency climbed. No 4.3.0 install.,Gateway radio path failed.,Replace the radio and re-aim the antenna.,Alert when RSSI and latency degrade together.,High,2026-09-26
FA-005,INC-005,DEV-026,Cell-group imbalance from low busbar torque,"BAT-204 at three HW-C sites during discharge above 70 kW, with pack voltage swinging outside 740 to 770 V.",Shared hardware revision HW-C and similar discharge conditions.,"Cross-site comparison of revision, firmware, configuration, and telemetry.","Three batteries, hardware_revision HW-C, same error code, voltage instability before the fault.",HW-C power-module busbar torque below spec.,Re-torque campaign and a temporary 60 kW cap.,Record busbar torque in the HW-C installation guide.,High,2026-09-25
FA-006,INC-006,DEV-037,Temperature sensor drift causing false thermal warnings,"Slow temperature climb, normal voltage and current, snap-back after replacement, pack stayed online.",Aging temperature sensor.,Compared the slope and the step change at replacement with the real thermal shutdown.,Reading fell by more than 12 C in one sample at the replacement time. DEV-001 did not snap back and went offline.,Pack temperature sensor drift.,Replaced the sensor.,Use THERM-155 and a redundant channel before dispatching a fan crew.,High,2026-09-24
FA-007,INC-007,DEV-043,Inverter power module failure,Power fell from about 78 kW to 6.5 kW in one sample and stayed down. Grid frequency stayed near 60 Hz. DC bus sagged.,Power module hardware.,"Compared grid frequency, grid voltage, DC bus, and configuration.","Grid stayed nominal, so this is not the frequency-latch case. The power limit was already 90 kW, so this is not the 75 kW mismatch.",Inverter power module failed.,Replace the power module. Ticket is blocked on the part.,None additional in this snapshot.,High,2026-09-25
FA-008,INC-008,DEV-045,Unexpected SOC step,SOC changed by about 50 points without matching energy at the step.,"Three unconfirmed hypotheses remain: SOC estimator bias, current-sensor offset, and standby parasitic load.","Compared SOC to current and power, then compared firmware and configuration with healthy peers.",Step at 2026-09-21 03:20 with current near zero. Firmware 4.2.1 matches peers. No hypothesis has confirming evidence.,Under Investigation,,,Low,2026-09-23
FA-009,INC-009,DEV-048,Contactor coil driver failure,Main contactor opened during discharge. No thermal alarm.,Coil driver hardware.,Coil current measurement and comparison with the later precharge case.,Coil current was zero while the close command was present.,Contactor coil driver failed.,Replaced the coil driver.,Capture coil current on every contactor-open event before ordering parts.,High,2026-09-10
FA-010,INC-010,DEV-051,Open precharge resistor,Main contactor stayed open during discharge. No thermal alarm. Same outward symptom as the coil-driver incident.,Precharge circuit.,Precharge voltage slope and coil current.,Coil current was present and DC bus voltage did not rise.,Precharge resistor was open.,Replaced the precharge resistor.,Do not assume the prior contactor incident's part is the cause.,High,2026-09-14
FA-011,INC-011,DEV-066,Grid frequency excursion with latched inverter protection,"Frequency peaked at 61.28 Hz, power went to zero, frequency recovered, power stayed at zero.",Utility disturbance and a latch that requires a reset.,Frequency and power traces.,Excursion is visible before the latch. DC bus did not sag the way the power-module failure did.,Grid frequency excursion with a latched inverter protection trip.,Supervised reset. Do not replace the power module.,Archive the grid trace with the incident.,High,2026-09-26
FA-012,INC-023,DEV-059,BMS temperature channels disagree,Two temperature channels differ. No shutdown.,Harness fretting is possible and not confirmed.,Channel comparison only.,Not sufficient to pick a cause.,Under Investigation,,,Low,2026-09-20
FA-013,INC-013,DEV-024,DC bus capacitor ESR rise,INV-305 ripple above 25 V peak to peak above 40 kW.,Power module capacitor aging on HW-B.,Ripple capture compared with a sister inverter.,Ripple exceeded spec. Sister unit showed the same mode.,DC bus capacitor ESR rise on the inverter power module,Replace the power module capacitors.,Add ripple to the annual inverter inspection.,Medium,2026-09-18
FA-014,INC-014,DEV-027,DC bus capacitor ESR rise,INV-305 ripple above 25 V peak to peak above 40 kW.,Power module capacitor aging on HW-B.,Ripple capture compared with a sister inverter.,Ripple exceeded spec. Sister unit showed the same mode.,DC bus capacitor ESR rise on the inverter power module,Replace the power module capacitors.,Add ripple to the annual inverter inspection.,Medium,2026-09-18
