firmware_version,device_type,release_date,status,previous_version,release_notes,known_issues,resolved_issues,required_hardware_revision,rollout_status
4.1.4,Battery,2025-11-15,Deprecated,4.0.9,Maintenance branch. Fixed heartbeat. Still found on HW-A hardware that cannot take 4.3.x.,No adaptive diagnostics.,Earlier watchdog nuisance on 4.0.9.,HW-A,Limited to HW-A field units
4.2.1,Battery,2026-04-02,Deprecated,4.1.4,"Previous stable release. Fixed 200 ms heartbeat, uncompressed telemetry frames, and communication timeout handled in the gateway task. No communications regression.",None critical. Superseded by 4.3.1 for HW-B and later.,Watchdog nuisance seen on 4.1.4 under noisy DC supplies.,HW-A,"General availability, superseded"
4.3.0,Battery,2026-09-08,Rolled Back,4.2.1,Replaced the 4.2.1 fixed heartbeat with an adaptive heartbeat and added compressed telemetry frames. Communication timeout handling moved from the gateway task into the shared session layer. Introduces a communications regression.,COM-214 communications regression: the heartbeat state machine drops the session when one-way latency exceeds 120 ms. Signal strength is unaffected. FW-210 is the matching firmware signature.,None. This build is the source of COM-214.,HW-B,Halted
4.3.1,Battery,2026-09-19,Current,4.3.0,Restores the 4.2.1 heartbeat state machine and keeps compressed telemetry frames. Communication timeout handling stays in the session layer with the 4.2.1 timing thresholds.,None critical in the communications suite.,COM-214 heartbeat session drop introduced in 4.3.0. FW-210 signature no longer raised.,HW-B,Limited production
4.1.4,Inverter,2025-11-15,Deprecated,4.1.0,Maintenance branch for HW-A inverters. Fixed heartbeat.,No compressed telemetry.,DC precharge timing from 4.1.0.,HW-A,Limited to HW-A field units
4.2.1,Inverter,2026-04-02,Deprecated,4.1.4,"Previous stable release. Fixed 200 ms heartbeat, uncompressed telemetry frames, and communication timeout handled in the gateway task. No communications regression.",None critical. Superseded by 4.3.1 for HW-B and later.,Watchdog nuisance seen on 4.1.4 under noisy DC supplies.,HW-A,"General availability, superseded"
4.3.0,Inverter,2026-09-08,Rolled Back,4.2.1,Replaced the 4.2.1 fixed heartbeat with an adaptive heartbeat and added compressed telemetry frames. Communication timeout handling moved from the gateway task into the shared session layer. Introduces a communications regression.,COM-214 communications regression: the heartbeat state machine drops the session when one-way latency exceeds 120 ms. Signal strength is unaffected. FW-210 is the matching firmware signature.,None. This build is the source of COM-214.,HW-B,Halted
4.3.1,Inverter,2026-09-19,Current,4.3.0,Restores the 4.2.1 heartbeat state machine and keeps compressed telemetry frames. Communication timeout handling stays in the session layer with the 4.2.1 timing thresholds.,None critical in the communications suite.,COM-214 heartbeat session drop introduced in 4.3.0. FW-210 signature no longer raised.,HW-B,Limited production
4.1.4,Gateway,2025-11-15,Deprecated,4.1.0,Maintenance branch. Fixed heartbeat. Still found on HW-A hardware that cannot take 4.3.x.,No adaptive diagnostics.,Earlier watchdog nuisance on 4.0.9.,HW-A,Limited to HW-A field units
4.2.1,Gateway,2026-04-02,Deprecated,4.1.4,"Previous stable release. Fixed 200 ms heartbeat, uncompressed telemetry frames, and communication timeout handled in the gateway task. No communications regression.",None critical. Superseded by 4.3.1 for HW-B and later.,Watchdog nuisance seen on 4.1.4 under noisy DC supplies.,HW-A,"General availability, superseded"
4.3.0,Gateway,2026-09-08,Rolled Back,4.2.1,Replaced the 4.2.1 fixed heartbeat with an adaptive heartbeat and added compressed telemetry frames. Communication timeout handling moved from the gateway task into the shared session layer. Introduces a communications regression.,COM-214 communications regression: the heartbeat state machine drops the session when one-way latency exceeds 120 ms. Signal strength is unaffected. FW-210 is the matching firmware signature.,None. This build is the source of COM-214.,HW-B,Halted
4.3.1,Gateway,2026-09-19,Current,4.3.0,Restores the 4.2.1 heartbeat state machine and keeps compressed telemetry frames. Communication timeout handling stays in the session layer with the 4.2.1 timing thresholds.,None critical in the communications suite.,COM-214 heartbeat session drop introduced in 4.3.0. FW-210 signature no longer raised.,HW-B,Limited production
4.0.9,Battery,2025-06-01,Retired,,Initial Arroyo-200 field image. Retired before the September 2026 snapshot.,Watchdog nuisance and coarse SOC tracking.,,HW-A,Withdrawn
4.4.0,Gateway,2026-09-22,Beta,4.3.1,Lab image with extra CPU tracing. Not approved for field rollout.,Raises gateway CPU. Not related to the 4.3.0 heartbeat regression.,,HW-C,No field installs
4.2.1,Energy Controller,2026-04-02,Deprecated,4.1.4,Previous stable controller image. Same heartbeat behavior as device firmware 4.2.1.,None critical.,Grid ride-through timer fix from the 4.1 branch.,HW-A,"General availability, superseded"
4.3.1,Energy Controller,2026-09-19,Current,4.2.1,Current controller image. Heartbeat timing matches the fixed 4.3.1 session layer. Energy controllers skipped 4.3.0.,None critical.,Does not contain the 4.3.0 regression because 4.3.0 was not built for this type.,HW-B,Limited production
4.1.4,Sensor,2025-11-15,Deprecated,4.0.9,Probe firmware with basic calibration.,No drift detection.,,HW-A,HW-A probes only
4.2.1,Sensor,2026-04-02,Current,4.1.4,Current probe image. Reports redundant temperature channels. Sensors are not part of the 4.3.0 heartbeat rollout.,None critical.,Calibration drift check from 4.1.4.,HW-A,General availability
