anomaly_id,device_id,start_time,end_time,anomaly_type,metric,expected_range,observed_range,severity,detected,related_fault_id,notes
ANO-001,DEV-001,2026-09-26T08:00:00-05:00,2026-09-26T14:40:00-05:00,Temperature Spike,battery_temperature_c,24 to 35 C,34.00 to 73.00,Critical,true,FLT-0002,Real pack temperature rise under discharge before THERM-201 and the offline transition.
ANO-002,DEV-001,2026-09-15T04:00:00-05:00,2026-09-15T04:40:00-05:00,Current Spike,battery_current,-120 to 120 A,-46.19 to 184.00,Warning,true,FLT-0003,Single-sample charge current spike on 15 Sep. Cleared as a transient and unrelated to the thermal shutdown.
ANO-003,DEV-026,2026-09-22T09:00:00-05:00,2026-09-22T13:20:00-05:00,Voltage Instability,battery_voltage,740 to 770 V,702.72 to 814.12,Error,true,FLT-0020,Pack voltage alternated well outside the normal band before the BAT-204 fault.
ANO-004,DEV-031,2026-09-22T09:00:00-05:00,2026-09-22T13:20:00-05:00,Voltage Instability,battery_voltage,740 to 770 V,702.03 to 814.40,Error,true,,Second HW-C pack showing the same voltage swing during discharge.
ANO-005,DEV-025,2026-09-24T18:00:00-05:00,2026-09-25T02:00:00-05:00,Communication Degradation,communication_latency_ms,15 to 50 ms,48.00 to 1750.00,Error,true,FLT-0016,Latency climbed and signal strength fell before the gateway went offline.
ANO-006,DEV-025,2026-09-24T18:00:00-05:00,2026-09-25T02:00:00-05:00,Unexpected Shutdown,signal_strength_dbm,-75 to -55 dBm,-107.00 to -68.00,Error,true,FLT-0016,Signal strength collapse ending in an offline gateway. Both latency and RSSI moved.
ANO-007,DEV-045,2026-09-21T03:00:00-05:00,2026-09-21T05:20:00-05:00,SOC Anomaly,battery_soc_percent,25 to 90 %,8.00 to 38.57,Error,true,FLT-0030,"SOC stepped sharply. At the step, current and power were near zero. Cause is not confirmed."
ANO-008,DEV-043,2026-09-23T15:40:00-05:00,2026-09-23T19:40:00-05:00,Power Drop,inverter_power_kw,60 to 90 kW during the evening peak,6.05 to 78.00,Error,true,FLT-0029,Evening power fell from the normal peak to about 6.5 kW in one sample and stayed down.
ANO-009,DEV-066,2026-09-25T13:00:00-05:00,2026-09-25T14:20:00-05:00,Frequency Anomaly,grid_frequency_hz,59.95 to 60.05 Hz,60.00 to 61.28,Error,true,FLT-0033,Grid frequency left the normal band and the inverter then held power at zero.
ANO-010,DEV-037,2026-09-20T00:00:00-05:00,2026-09-24T08:40:00-05:00,Sensor Drift,battery_temperature_c,24 to 35 C,28.00 to 51.03,Warning,true,FLT-0026,Slow temperature climb over days with normal voltage. Reading snapped back after the sensor was replaced.
ANO-011,DEV-012,2026-09-15T02:00:00-05:00,2026-09-27T16:00:00-05:00,Communication Degradation,communication_latency_ms,15 to 50 ms,315.02 to 364.97,Error,true,FLT-0006,Latency stepped up at the 4.3.0 install and stayed high. Signal strength did not fall.
ANO-012,DEV-008,2026-09-15T02:00:00-05:00,2026-09-18T10:40:00-05:00,Communication Degradation,communication_latency_ms,15 to 50 ms,290.44 to 349.49,Error,true,FLT-0004,Latency was high only while 4.3.0 was installed. It returned to normal after the rollback to 4.2.1.
ANO-013,DEV-011,2026-09-15T02:00:00-05:00,2026-09-20T05:40:00-05:00,Communication Degradation,communication_latency_ms,15 to 50 ms,290.25 to 349.95,Error,true,FLT-0005,Latency was high on 4.3.0 and returned to normal after 4.3.1.
ANO-014,DEV-054,2026-09-22T00:00:00-05:00,2026-09-27T16:00:00-05:00,Temperature Spike,battery_temperature_c,24 to 35 C,38.11 to 40.89,Warning,true,FLT-0035,"Early warning. Temperature is mildly elevated and flat, below the thermal shutdown threshold. Device is online."
ANO-015,DEV-061,2026-09-20T00:00:00-05:00,2026-09-27T16:00:00-05:00,Communication Degradation,communication_latency_ms,15 to 50 ms,42.00 to 143.20,Warning,true,,Latency is rising slowly and signal strength is stable. The gateway is still online. Not a 4.3.0 regression.
ANO-016,DEV-062,2026-09-18T00:00:00-05:00,2026-09-27T16:00:00-05:00,Repeated Restart,communication_latency_ms,15 to 50 ms,26.01 to 110.00,Warning,true,FLT-0039,Four isolated watchdog restarts. The pack stays online between them.
