alert_id,alert_type,severity,created_at,entity_type,entity_id,description,status,recommended_action
AL001,Unassigned Critical Job,Critical,2026-09-27T15:12:00-05:00,Job,J010,Emergency Service at Prairie Switch Backup (C010) in Pflugerville has no technician. The battery is offline and the start window is 16:30.,Open,"Dispatch T004 Maren Holt with van V004. They are available about 1 km away, hold Battery Installation Master, and the van carries P001, P018, and P012."
AL002,Missing Job Parts,High,2026-09-27T13:06:00-05:00,Job,J001,J001 needs P018 200A Class T Fuse qty 2 and van V001 has none. The crew has been onsite since 12:10.,Open,Issue two P018 fuses from W001 Mesa Volt Depot (available 12) to van V001.
AL003,Missing Job Parts,High,2026-09-27T14:06:00-05:00,Job,J007,"J007 is blocked on P006 HaloWave 7.6 Hybrid Inverter. Van V010 does not have one, and W001 is out of stock.",Open,"Transfer or issue P006 from W002 Brushy Creek Parts Hub, which has available units."
AL004,Out of Stock,High,2026-09-27T08:15:00-05:00,Part,P006,P006 on-hand at W001 is 0. Available quantity is 0. W002 still has stock; W003 does not stock this part.,Open,Replenish Mesa Volt Depot from Brushy Creek or from supplier SUP-NORTHWIND.
AL005,Low Inventory,Medium,2026-09-27T08:20:00-05:00,Part,P018,"P018 available at W002 is 2, under the reorder point of 6. W003 is also below its reorder point. W001 is healthy.",Open,Reorder Class T fuses for W002 and W003. Use W001 to cover today's J001 shortage.
AL006,Maintenance Due,Medium,2026-09-26T16:20:00-05:00,Van,V019,Van V019 next maintenance date is 2026-10-08 and a warning was logged on 2026-09-26. It is still in service with T021.,Open,Book V019 into W003 before 2026-10-08 and avoid multi-day trips until the service is done.
AL007,Technician Delayed,High,2026-09-27T15:15:00-05:00,Technician,T010,T010 Quinn Ashby has been onsite at J007 since 13:00 (more than two hours) because the job is Waiting for Parts.,Open,"Either release T010 once the W002 inverter transfer is confirmed, or reassign the waiting job."
AL008,Inventory Discrepancy,High,2026-09-25T16:25:00-05:00,Part,P001,Cycle count at W003 on 2026-09-25 shorted one LumenPack module (P001) in aisle C shelf 02 bin 07. An Adjustment corrected the book quantity.,Open,Review dock cameras for the 2026-09-10 transfer into W003 before the next LumenPack order.
AL009,Job Overdue,High,2026-09-27T15:05:00-05:00,Job,J030,J030 was scheduled 13:00-15:00 at Hollow Oak Bakery and is still Assigned. T009 has not dispatched.,Open,Call T009 Petra Sol or reassign J030 before the site closes.
AL010,Van Offline,Medium,2026-09-27T09:05:00-05:00,Van,V012,Van V012 telematics last checked in at 2026-09-26 17:10. Technician T012 phone location is current; the vehicle gateway is not.,Open,Have T012 power-cycle the van gateway at the next stop.
AL011,Maintenance Due,Low,2026-09-24T09:30:00-05:00,Van,V018,Van V018 is in the shop at W001. Expected release is 2026-10-01. Usual driver T028 is off duty and has no van assigned today.,Open,Keep V018 unassigned until the shop releases it.
AL012,Low Inventory,Low,2026-09-22T11:00:00-05:00,Part,P021,P021 at W002 was counted under its reorder point. A replenishment PO is open with SUP-NORTHWIND.,Acknowledged,Confirm the PO arrives before Wednesday.
AL013,Technician Delayed,Low,2026-09-20T16:40:00-05:00,Technician,T015,T015 ran long on a Sep 20 inspection. The job has since been completed and the alert is closed.,Resolved,No action. Kept as history.
