schedule_id,date,technician_id,job_id,start_time,end_time,location_city,status
SC00001,2026-09-01,T001,J022,08:00,10:00,Round Rock,Completed
SC00002,2026-09-01,T009,J053,13:00,15:00,Leander,Completed
SC00003,2026-09-01,T017,J079,10:15,12:15,Pflugerville,Completed
SC00004,2026-09-02,T010,J032,08:00,10:00,Georgetown,Completed
SC00005,2026-09-02,T021,J062,13:00,15:00,Leander,Completed
SC00006,2026-09-03,T001,J045,08:00,10:00,Hutto,Completed
SC00007,2026-09-03,T009,J071,13:00,15:00,Hutto,Completed
SC00008,2026-09-04,T002,J023,10:15,12:15,Lakeway,Completed
SC00009,2026-09-04,T010,J054,08:00,10:00,Buda,Completed
SC00010,2026-09-04,T021,J080,13:00,15:00,Round Rock,Completed
SC00011,2026-09-05,T001,J063,08:00,10:00,Georgetown,Completed
SC00012,2026-09-05,T011,J033,10:15,12:15,Austin,Completed
SC00013,2026-09-06,T002,J046,10:15,12:15,Georgetown,Completed
SC00014,2026-09-06,T010,J072,08:00,10:00,Leander,Completed
SC00015,2026-09-07,T001,J081,08:00,10:00,Lakeway,Completed
SC00016,2026-09-07,T003,J024,13:00,15:00,Pflugerville,Completed
SC00017,2026-09-07,T011,J055,10:15,12:15,Hutto,Completed
SC00018,2026-09-08,T002,J064,10:15,12:15,Pflugerville,Completed
SC00019,2026-09-08,T012,J034,13:00,15:00,Manor,Completed
SC00020,2026-09-09,T003,J047,13:00,15:00,Austin,Completed
SC00021,2026-09-09,T011,J073,10:15,12:15,Cedar Park,Completed
SC00022,2026-09-10,T002,J082,10:15,12:15,Leander,Completed
SC00023,2026-09-10,T004,J025,08:00,10:00,Round Rock,Completed
SC00024,2026-09-10,T012,J056,13:00,15:00,Leander,Completed
SC00025,2026-09-11,T003,J065,13:00,15:00,Hutto,Completed
SC00026,2026-09-11,T013,J035,08:00,10:00,Pflugerville,Completed
SC00027,2026-09-12,T004,J048,08:00,10:00,Manor,Completed
SC00028,2026-09-12,T012,J074,13:00,15:00,Cedar Park,Completed
SC00029,2026-09-13,T003,J083,13:00,15:00,Cedar Park,Completed
SC00030,2026-09-13,T005,J026,10:15,12:15,Lakeway,Completed
SC00031,2026-09-13,T011,J044,09:00,12:00,Leander,Completed
SC00032,2026-09-13,T013,J057,08:00,10:00,Austin,Completed
SC00033,2026-09-14,T004,J066,08:00,10:00,Georgetown,Completed
SC00034,2026-09-14,T014,J036,10:15,12:15,Round Rock,Completed
SC00035,2026-09-15,T005,J049,10:15,12:15,Austin,Completed
SC00036,2026-09-15,T013,J075,08:00,10:00,Hutto,Completed
SC00037,2026-09-16,T004,J084,08:00,10:00,Buda,Completed
SC00038,2026-09-16,T006,J027,13:00,15:00,Leander,Completed
SC00039,2026-09-16,T008,J042,09:00,12:00,Round Rock,Completed
SC00040,2026-09-16,T014,J058,10:15,12:15,Manor,Completed
SC00041,2026-09-17,T005,J067,10:15,12:15,Round Rock,Completed
SC00042,2026-09-17,T009,J043,09:00,12:00,Georgetown,Completed
SC00043,2026-09-17,T015,J037,13:00,15:00,Lakeway,Completed
SC00044,2026-09-18,T002,J041,09:00,12:00,Cedar Park,Completed
SC00045,2026-09-18,T006,J050,13:00,15:00,Round Rock,Completed
SC00046,2026-09-18,T014,J076,10:15,12:15,Georgetown,Completed
SC00047,2026-09-19,T005,J085,10:15,12:15,Cedar Park,Completed
SC00048,2026-09-19,T007,J028,08:00,10:00,Cedar Park,Completed
SC00049,2026-09-19,T015,J059,13:00,15:00,Austin,Completed
SC00050,2026-09-20,T006,J068,13:00,15:00,Manor,Completed
SC00051,2026-09-20,T016,J038,08:00,10:00,Manor,Completed
SC00052,2026-09-21,T007,J051,08:00,10:00,Lakeway,Completed
SC00053,2026-09-21,T015,J077,13:00,15:00,Round Rock,Completed
SC00054,2026-09-22,T006,J086,13:00,15:00,Georgetown,Completed
SC00055,2026-09-22,T008,J029,10:15,12:15,Buda,Completed
SC00056,2026-09-22,T016,J060,08:00,10:00,Georgetown,Completed
SC00057,2026-09-23,T007,J069,08:00,10:00,Pflugerville,Completed
SC00058,2026-09-23,T017,J039,10:15,12:15,Cedar Park,Completed
SC00059,2026-09-24,T008,J052,10:15,12:15,Leander,Completed
SC00060,2026-09-24,T016,J078,08:00,10:00,Lakeway,Completed
SC00061,2026-09-25,T009,J031,13:00,15:00,Cedar Park,Completed
SC00062,2026-09-25,T017,J061,10:15,12:15,Lakeway,Completed
SC00063,2026-09-26,T008,J070,10:15,12:15,Cedar Park,Completed
SC00064,2026-09-26,T021,J040,13:00,15:00,Austin,Completed
SC00065,2026-09-27,T001,J001,12:00,15:00,Round Rock,In Progress
SC00066,2026-09-27,T002,J002,10:30,13:30,Cedar Park,In Progress
SC00067,2026-09-27,T003,J003,15:30,17:30,Georgetown,In Progress
SC00068,2026-09-27,T005,J021,08:00,11:30,Austin,Completed
SC00069,2026-09-27,T006,J004,15:00,16:30,Leander,In Progress
SC00070,2026-09-27,T007,J005,14:00,17:00,Austin,In Progress
SC00071,2026-09-27,T008,J006,15:15,17:15,Manor,In Progress
SC00072,2026-09-27,T009,J030,13:00,15:00,Austin,Missed
SC00073,2026-09-27,T010,J007,12:30,15:30,Cedar Park,In Progress
SC00074,2026-09-27,T013,J008,14:30,16:30,Lakeway,In Progress
SC00075,2026-09-27,T014,J009,15:30,17:00,Hutto,In Progress
SC00076,2026-09-28,T001,J013,13:00,15:30,Cedar Park,Scheduled
SC00077,2026-09-28,T002,J014,13:00,15:30,Georgetown,Scheduled
SC00078,2026-09-28,T003,J017,13:00,15:30,Hutto,Scheduled
SC00079,2026-09-28,T004,J011,08:00,11:00,Austin,Scheduled
SC00080,2026-09-28,T006,J018,13:00,15:30,Manor,Scheduled
SC00081,2026-09-28,T007,J019,13:00,15:30,Lakeway,Scheduled
SC00082,2026-09-28,T008,J012,08:00,11:00,Round Rock,Scheduled
SC00083,2026-09-28,T010,J020,13:00,15:30,Austin,Scheduled
SC00084,2026-09-28,T013,J015,13:00,15:30,Pflugerville,Scheduled
SC00085,2026-09-28,T014,J016,13:00,15:30,Leander,Scheduled
