location_event_id,technician_id,timestamp,latitude,longitude,city,status,job_id
LE00001,T001,2026-09-27T07:00:00-05:00,30.51160,-97.70490,Round Rock,Available,
LE00002,T001,2026-09-27T11:35:00-05:00,30.51070,-97.71475,Round Rock,En Route,J001
LE00003,T001,2026-09-27T12:10:00-05:00,30.50980,-97.72460,Round Rock,On Job,J001
LE00004,T001,2026-09-27T15:58:00-05:00,30.50980,-97.72460,Round Rock,On Job,J001
LE00005,T002,2026-09-27T07:00:00-05:00,30.48770,-97.83150,Cedar Park,Available,
LE00006,T002,2026-09-27T10:15:00-05:00,30.48305,-97.84020,Cedar Park,En Route,J002
LE00007,T002,2026-09-27T10:40:00-05:00,30.47840,-97.84890,Cedar Park,On Job,J002
LE00008,T002,2026-09-27T15:58:00-05:00,30.47840,-97.84890,Cedar Park,On Job,J002
LE00009,T003,2026-09-27T08:00:00-05:00,30.64810,-97.65990,Georgetown,Available,
LE00010,T003,2026-09-27T15:40:00-05:00,30.64215,-97.65085,Georgetown,En Route,J003
LE00011,T003,2026-09-27T15:58:00-05:00,30.62120,-97.63180,Georgetown,En Route,J003
LE00012,T004,2026-09-27T08:00:00-05:00,30.45030,-97.63420,Pflugerville,Available,
LE00013,T004,2026-09-27T15:58:00-05:00,30.44910,-97.63520,Pflugerville,Available,
LE00014,T005,2026-09-27T07:00:00-05:00,30.29840,-97.77520,Austin,Available,
LE00015,T005,2026-09-27T07:55:00-05:00,30.28650,-97.78400,Austin,En Route,J021
LE00016,T005,2026-09-27T08:25:00-05:00,30.27460,-97.79280,Austin,On Job,J021
LE00017,T005,2026-09-27T11:20:00-05:00,30.27460,-97.79280,Austin,Available,J021
LE00018,T005,2026-09-27T15:40:00-05:00,30.29840,-97.77520,Austin,Break,
LE00019,T006,2026-09-27T07:00:00-05:00,30.57990,-97.86330,Leander,Available,
LE00020,T006,2026-09-27T14:55:00-05:00,30.56930,-97.87235,Leander,En Route,J004
LE00021,T006,2026-09-27T15:20:00-05:00,30.55870,-97.88140,Leander,On Job,J004
LE00022,T006,2026-09-27T15:58:00-05:00,30.55870,-97.88140,Leander,On Job,J004
LE00023,T007,2026-09-27T07:00:00-05:00,30.28090,-97.76820,Austin,Available,
LE00024,T007,2026-09-27T13:55:00-05:00,30.29685,-97.75385,Austin,En Route,J005
LE00025,T007,2026-09-27T14:30:00-05:00,30.31280,-97.73950,Austin,On Job,J005
LE00026,T007,2026-09-27T15:58:00-05:00,30.31280,-97.73950,Austin,On Job,J005
LE00027,T008,2026-09-27T07:00:00-05:00,30.34940,-97.54470,Manor,Available,
LE00028,T008,2026-09-27T15:25:00-05:00,30.34915,-97.55305,Manor,En Route,J006
LE00029,T008,2026-09-27T15:58:00-05:00,30.33390,-97.55140,Manor,En Route,J006
LE00030,T009,2026-09-27T08:00:00-05:00,30.51510,-97.69440,Round Rock,Available,
LE00031,T009,2026-09-27T15:58:00-05:00,30.51510,-97.69440,Round Rock,Available,
LE00032,T010,2026-09-27T07:00:00-05:00,30.49120,-97.83850,Cedar Park,Available,
LE00033,T010,2026-09-27T12:30:00-05:00,30.49690,-97.82345,Cedar Park,En Route,J007
LE00034,T010,2026-09-27T13:00:00-05:00,30.50260,-97.80840,Cedar Park,On Job,J007
LE00035,T010,2026-09-27T15:58:00-05:00,30.50260,-97.80840,Cedar Park,On Job,J007
LE00036,T011,2026-09-27T08:00:00-05:00,30.65160,-97.66690,Georgetown,Available,
LE00037,T011,2026-09-27T15:58:00-05:00,30.65160,-97.66690,Georgetown,Available,
LE00038,T012,2026-09-27T07:00:00-05:00,30.29840,-97.76820,Austin,Available,
LE00039,T012,2026-09-27T15:40:00-05:00,30.29840,-97.76820,Austin,Break,
LE00040,T013,2026-09-27T07:00:00-05:00,30.38200,-97.97590,Lakeway,Available,
LE00041,T013,2026-09-27T14:20:00-05:00,30.38310,-97.96850,Lakeway,En Route,J008
LE00042,T013,2026-09-27T14:50:00-05:00,30.38420,-97.96110,Lakeway,On Job,J008
LE00043,T013,2026-09-27T15:58:00-05:00,30.38420,-97.96110,Lakeway,On Job,J008
LE00044,T014,2026-09-27T07:00:00-05:00,30.52670,-97.55160,Hutto,Available,
LE00045,T014,2026-09-27T15:45:00-05:00,30.52455,-97.54920,Hutto,En Route,J009
LE00046,T014,2026-09-27T15:58:00-05:00,30.50740,-97.53680,Hutto,En Route,J009
LE00047,T015,2026-09-27T06:00:00-05:00,30.51160,-97.70840,Round Rock,Available,
LE00048,T015,2026-09-27T10:00:00-05:00,30.51160,-97.70840,Round Rock,Available,
LE00049,T015,2026-09-27T14:00:00-05:00,30.51160,-97.70840,Round Rock,Off Duty,
LE00050,T016,2026-09-27T08:00:00-05:00,30.28790,-97.77170,Austin,Available,
LE00051,T016,2026-09-27T15:58:00-05:00,30.28790,-97.77170,Austin,Available,
LE00052,T017,2026-09-27T06:00:00-05:00,30.56940,-97.85980,Leander,Available,
LE00053,T017,2026-09-27T10:00:00-05:00,30.56940,-97.85980,Leander,Available,
LE00054,T017,2026-09-27T14:00:00-05:00,30.56940,-97.85980,Leander,Off Duty,
LE00055,T018,2026-09-27T08:00:00-05:00,30.45030,-97.63770,Pflugerville,Available,
LE00056,T018,2026-09-27T15:58:00-05:00,30.46940,-97.65180,Pflugerville,Available,
LE00057,T019,2026-09-27T06:00:00-05:00,30.49820,-97.82450,Cedar Park,Available,
LE00058,T019,2026-09-27T10:00:00-05:00,30.49820,-97.82450,Cedar Park,Available,
LE00059,T019,2026-09-27T14:00:00-05:00,30.49820,-97.82450,Cedar Park,Off Duty,
LE00060,T020,2026-09-27T06:00:00-05:00,30.30190,-97.77520,Austin,Available,
LE00061,T020,2026-09-27T10:00:00-05:00,30.30190,-97.77520,Austin,Available,
LE00062,T020,2026-09-27T14:00:00-05:00,30.30190,-97.77520,Austin,Off Duty,
LE00063,T021,2026-09-27T08:00:00-05:00,30.63760,-97.66690,Georgetown,Available,
LE00064,T021,2026-09-27T15:40:00-05:00,30.63760,-97.66690,Georgetown,Break,
LE00065,T022,2026-09-27T06:00:00-05:00,30.08980,-97.85120,Buda,Available,
LE00066,T022,2026-09-27T10:00:00-05:00,30.08980,-97.85120,Buda,Available,
LE00067,T022,2026-09-27T14:00:00-05:00,30.08980,-97.85120,Buda,Off Duty,
LE00068,T023,2026-09-27T06:00:00-05:00,30.35290,-97.54470,Manor,Available,
LE00069,T023,2026-09-27T10:00:00-05:00,30.35290,-97.54470,Manor,Available,
LE00070,T023,2026-09-27T14:00:00-05:00,30.35290,-97.54470,Manor,Off Duty,
LE00071,T024,2026-09-27T06:00:00-05:00,30.37150,-97.97240,Lakeway,Available,
LE00072,T024,2026-09-27T10:00:00-05:00,30.37150,-97.97240,Lakeway,Available,
LE00073,T024,2026-09-27T14:00:00-05:00,30.37150,-97.97240,Lakeway,Off Duty,
LE00074,T025,2026-09-27T06:00:00-05:00,30.54070,-97.56560,Hutto,Available,
LE00075,T025,2026-09-27T10:00:00-05:00,30.54070,-97.56560,Hutto,Available,
LE00076,T025,2026-09-27T14:00:00-05:00,30.54070,-97.56560,Hutto,Off Duty,
LE00077,T026,2026-09-27T08:00:00-05:00,30.10380,-97.85470,Buda,Available,
LE00078,T026,2026-09-27T15:58:00-05:00,30.10380,-97.85470,Buda,Available,
LE00079,T027,2026-09-27T08:00:00-05:00,30.38200,-97.97940,Lakeway,Available,
LE00080,T027,2026-09-27T15:58:00-05:00,30.38200,-97.97940,Lakeway,Available,
LE00081,T028,2026-09-27T06:00:00-05:00,30.50810,-97.69790,Round Rock,Available,
LE00082,T028,2026-09-27T10:00:00-05:00,30.50810,-97.69790,Round Rock,Available,
LE00083,T028,2026-09-27T14:00:00-05:00,30.50810,-97.69790,Round Rock,Off Duty,
LE00084,T029,2026-09-27T06:00:00-05:00,30.48420,-97.82450,Cedar Park,Available,
LE00085,T029,2026-09-27T10:00:00-05:00,30.48420,-97.82450,Cedar Park,Available,
LE00086,T029,2026-09-27T14:00:00-05:00,30.48420,-97.82450,Cedar Park,Off Duty,
LE00087,T030,2026-09-27T06:00:00-05:00,30.64460,-97.67040,Georgetown,Available,
LE00088,T030,2026-09-27T10:00:00-05:00,30.64460,-97.67040,Georgetown,Available,
LE00089,T030,2026-09-27T14:00:00-05:00,30.64460,-97.67040,Georgetown,Off Duty,
