warehouse_inventory_id,warehouse_id,part_id,quantity_on_hand,quantity_reserved,quantity_available,reorder_point,last_counted_at
WI00001,W001,P001,9,1,8,2,2026-09-26T18:00:00-05:00
WI00002,W001,P002,11,0,11,3,2026-09-26T18:00:00-05:00
WI00003,W001,P003,10,0,10,4,2026-09-26T18:00:00-05:00
WI00004,W001,P004,13,0,13,6,2026-09-26T18:00:00-05:00
WI00005,W001,P005,90,0,90,10,2026-09-26T18:00:00-05:00
WI00006,W001,P006,0,0,0,2,2026-09-26T18:00:00-05:00
WI00007,W001,P007,10,0,10,3,2026-09-26T18:00:00-05:00
WI00008,W001,P008,12,0,12,4,2026-09-26T18:00:00-05:00
WI00009,W001,P009,12,1,11,6,2026-09-26T18:00:00-05:00
WI00010,W001,P010,12,0,12,5,2026-09-26T18:00:00-05:00
WI00011,W001,P011,13,0,13,5,2026-09-26T18:00:00-05:00
WI00012,W001,P012,14,2,12,8,2026-09-26T18:00:00-05:00
WI00013,W001,P013,13,0,13,6,2026-09-26T18:00:00-05:00
WI00014,W001,P014,14,0,14,6,2026-09-26T18:00:00-05:00
WI00015,W001,P015,180,4,176,20,2026-09-26T18:00:00-05:00
WI00016,W001,P016,13,0,13,6,2026-09-26T18:00:00-05:00
WI00017,W001,P017,16,0,16,8,2026-09-26T18:00:00-05:00
WI00018,W001,P018,12,0,12,6,2026-09-26T18:00:00-05:00
WI00019,W001,P019,22,0,22,15,2026-09-26T18:00:00-05:00
WI00020,W001,P020,11,0,11,3,2026-09-26T18:00:00-05:00
WI00021,W001,P021,9,0,9,3,2026-09-26T18:00:00-05:00
WI00022,W001,P022,9,0,9,2,2026-09-26T18:00:00-05:00
WI00023,W001,P023,12,1,11,4,2026-09-26T18:00:00-05:00
WI00024,W001,P024,14,0,14,8,2026-09-26T18:00:00-05:00
WI00025,W001,P025,11,0,11,4,2026-09-26T18:00:00-05:00
WI00026,W001,P026,12,0,12,4,2026-09-26T18:00:00-05:00
WI00027,W001,P027,10,0,10,4,2026-09-26T18:00:00-05:00
WI00028,W001,P028,9,0,9,2,2026-09-26T18:00:00-05:00
WI00029,W001,P029,9,0,9,1,2026-09-26T18:00:00-05:00
WI00030,W001,P030,7,0,7,1,2026-09-26T18:00:00-05:00
WI00031,W001,P031,9,0,9,2,2026-09-26T18:00:00-05:00
WI00032,W001,P032,10,0,10,2,2026-09-26T18:00:00-05:00
WI00033,W002,P001,7,0,7,2,2026-09-26T18:00:00-05:00
WI00034,W002,P002,13,0,13,3,2026-09-26T18:00:00-05:00
WI00035,W002,P003,12,0,12,4,2026-09-26T18:00:00-05:00
WI00036,W002,P004,15,1,14,6,2026-09-26T18:00:00-05:00
WI00037,W002,P005,20,0,20,10,2026-09-26T18:00:00-05:00
WI00038,W002,P006,5,1,4,2,2026-09-26T18:00:00-05:00
WI00039,W002,P007,12,0,12,3,2026-09-26T18:00:00-05:00
WI00040,W002,P008,14,1,13,4,2026-09-26T18:00:00-05:00
WI00041,W002,P009,14,0,14,6,2026-09-26T18:00:00-05:00
WI00042,W002,P010,14,0,14,5,2026-09-26T18:00:00-05:00
WI00043,W002,P011,15,0,15,5,2026-09-26T18:00:00-05:00
WI00044,W002,P012,16,2,14,8,2026-09-26T18:00:00-05:00
WI00045,W002,P013,15,0,15,6,2026-09-26T18:00:00-05:00
WI00046,W002,P014,16,0,16,6,2026-09-26T18:00:00-05:00
WI00047,W002,P015,28,0,28,20,2026-09-26T18:00:00-05:00
WI00048,W002,P016,15,0,15,6,2026-09-26T18:00:00-05:00
WI00049,W002,P017,18,0,18,8,2026-09-26T18:00:00-05:00
WI00050,W002,P018,3,1,2,6,2026-09-26T18:00:00-05:00
WI00051,W002,P019,24,0,24,15,2026-09-26T18:00:00-05:00
WI00052,W002,P020,13,0,13,3,2026-09-26T18:00:00-05:00
WI00053,W002,P021,2,0,2,3,2026-09-26T18:00:00-05:00
WI00054,W002,P022,11,0,11,2,2026-09-26T18:00:00-05:00
WI00055,W002,P023,14,0,14,4,2026-09-26T18:00:00-05:00
WI00056,W002,P024,16,0,16,8,2026-09-26T18:00:00-05:00
WI00057,W002,P025,13,0,13,4,2026-09-26T18:00:00-05:00
WI00058,W002,P026,14,1,13,4,2026-09-26T18:00:00-05:00
WI00059,W002,P027,12,0,12,4,2026-09-26T18:00:00-05:00
WI00060,W002,P028,11,0,11,2,2026-09-26T18:00:00-05:00
WI00061,W002,P029,11,0,11,1,2026-09-26T18:00:00-05:00
WI00062,W002,P030,0,0,0,1,2026-09-26T18:00:00-05:00
WI00063,W002,P031,11,0,11,2,2026-09-26T18:00:00-05:00
WI00064,W002,P032,12,0,12,2,2026-09-26T18:00:00-05:00
WI00065,W003,P001,3,0,3,2,2026-09-25T16:20:00-05:00
WI00066,W003,P002,15,0,15,3,2026-09-26T18:00:00-05:00
WI00067,W003,P003,0,0,0,4,2026-09-26T18:00:00-05:00
WI00068,W003,P004,17,0,17,6,2026-09-26T18:00:00-05:00
WI00069,W003,P005,22,0,22,10,2026-09-26T18:00:00-05:00
WI00070,W003,P007,14,0,14,3,2026-09-26T18:00:00-05:00
WI00071,W003,P008,16,0,16,4,2026-09-26T18:00:00-05:00
WI00072,W003,P009,16,0,16,6,2026-09-26T18:00:00-05:00
WI00073,W003,P010,16,0,16,5,2026-09-26T18:00:00-05:00
WI00074,W003,P011,17,0,17,5,2026-09-26T18:00:00-05:00
WI00075,W003,P012,18,0,18,8,2026-09-26T18:00:00-05:00
WI00076,W003,P014,18,0,18,6,2026-09-26T18:00:00-05:00
WI00077,W003,P015,30,0,30,20,2026-09-26T18:00:00-05:00
WI00078,W003,P016,17,0,17,6,2026-09-26T18:00:00-05:00
WI00079,W003,P017,20,0,20,8,2026-09-26T18:00:00-05:00
WI00080,W003,P018,2,0,2,6,2026-09-26T18:00:00-05:00
WI00081,W003,P019,26,0,26,15,2026-09-26T18:00:00-05:00
WI00082,W003,P020,15,0,15,3,2026-09-26T18:00:00-05:00
WI00083,W003,P021,13,0,13,3,2026-09-26T18:00:00-05:00
WI00084,W003,P022,13,0,13,2,2026-09-26T18:00:00-05:00
WI00085,W003,P023,16,0,16,4,2026-09-26T18:00:00-05:00
WI00086,W003,P024,18,0,18,8,2026-09-26T18:00:00-05:00
WI00087,W003,P025,15,0,15,4,2026-09-26T18:00:00-05:00
WI00088,W003,P026,16,0,16,4,2026-09-26T18:00:00-05:00
WI00089,W003,P027,14,0,14,4,2026-09-26T18:00:00-05:00
WI00090,W003,P028,13,0,13,2,2026-09-26T18:00:00-05:00
