period,installations_scheduled,installations_completed,installations_target,installation_attainment_percentage,first_time_completion_rate,critical_incidents,stockout_events,average_csat,workforce_utilization_percentage,open_critical_risks,drilldown_available,notes
2025-10,248,260,240,108.3,0.860,2,1,79.0,71.0,1,no,No market_performance rows exist before 2026-04. Do not allocate this month across markets.
2025-11,261,275,250,110.0,0.870,1,0,80.0,74.0,1,no,No market_performance rows exist before 2026-04. Do not allocate this month across markets.
2025-12,214,240,250,96.0,0.810,3,2,76.0,68.0,2,no,No market_performance rows exist before 2026-04. Do not allocate this month across markets.
2026-01,198,220,230,95.7,0.800,2,1,75.0,64.0,1,no,No market_performance rows exist before 2026-04. Do not allocate this month across markets.
2026-02,226,250,240,104.2,0.830,4,3,77.0,70.0,2,no,No market_performance rows exist before 2026-04. Do not allocate this month across markets.
2026-03,255,270,245,110.2,0.880,1,1,81.0,73.0,1,no,No market_performance rows exist before 2026-04. Do not allocate this month across markets.
2026-04,520,494,520,95.0,0.933,0,0,79.1,53.7,2,yes,"installations_completed, critical_incidents, and stockout_events equal the sum of market_performance for this month. Those market totals equal deployment_metrics."
2026-05,537,511,537,95.2,0.937,0,0,79.1,55.7,2,yes,"installations_completed, critical_incidents, and stockout_events equal the sum of market_performance for this month. Those market totals equal deployment_metrics."
2026-06,625,577,625,92.3,0.945,0,0,79.1,59.7,2,yes,"installations_completed, critical_incidents, and stockout_events equal the sum of market_performance for this month. Those market totals equal deployment_metrics."
2026-07,719,622,759,81.9,0.968,0,4,80.7,63.9,2,yes,"installations_completed, critical_incidents, and stockout_events equal the sum of market_performance for this month. Those market totals equal deployment_metrics."
2026-08,714,570,756,75.4,0.972,2,11,80.1,66.2,2,yes,"installations_completed, critical_incidents, and stockout_events equal the sum of market_performance for this month. Those market totals equal deployment_metrics."
2026-09,688,477,726,65.7,0.958,4,27,77.1,68.4,2,yes,"installations_completed, critical_incidents, and stockout_events equal the sum of market_performance for this month. Those market totals equal deployment_metrics."
