week_start,market_id,leads,qualified_leads,site_surveys,proposals,contracts,installations_scheduled,installations_completed
2026-03-30,MKT-001,36,30,25,21,18,18,18
2026-03-30,MKT-002,16,12,10,8,6,12,9
2026-03-30,MKT-003,18,13,10,8,8,15,14
2026-03-30,MKT-004,30,24,20,17,15,15,15
2026-03-30,MKT-005,18,13,10,8,8,9,9
2026-03-30,MKT-006,15,10,8,4,1,1,1
2026-03-30,MKT-007,18,13,10,8,4,1,1
2026-04-06,MKT-001,48,42,37,33,30,30,30
2026-04-06,MKT-002,16,12,10,8,6,20,15
2026-04-06,MKT-003,18,13,10,8,8,25,24
2026-04-06,MKT-004,40,34,30,27,25,25,25
2026-04-06,MKT-005,18,13,10,8,8,15,15
2026-04-06,MKT-006,15,10,8,4,1,1,1
2026-04-06,MKT-007,18,13,10,8,4,2,2
2026-04-13,MKT-001,48,42,37,33,30,30,30
2026-04-13,MKT-002,16,12,10,8,6,20,15
2026-04-13,MKT-003,18,13,10,8,8,25,24
2026-04-13,MKT-004,40,34,30,27,25,25,25
2026-04-13,MKT-005,18,13,10,8,8,15,15
2026-04-13,MKT-006,15,10,8,4,1,1,1
2026-04-13,MKT-007,18,13,10,8,4,2,2
2026-04-20,MKT-001,48,42,37,33,30,30,30
2026-04-20,MKT-002,16,12,10,8,6,20,15
2026-04-20,MKT-003,18,13,10,8,8,25,24
2026-04-20,MKT-004,40,34,30,27,25,25,25
2026-04-20,MKT-005,18,13,10,8,8,15,15
2026-04-20,MKT-006,15,10,8,4,1,1,1
2026-04-20,MKT-007,18,13,10,8,4,2,2
2026-04-27,MKT-001,50,44,39,35,32,32,32
2026-04-27,MKT-002,16,12,10,8,6,20,15
2026-04-27,MKT-003,18,13,10,8,8,25,24
2026-04-27,MKT-004,40,34,30,27,25,25,25
2026-04-27,MKT-005,18,13,10,8,8,15,15
2026-04-27,MKT-006,15,10,8,4,1,1,1
2026-04-27,MKT-007,18,13,10,8,4,2,2
2026-05-04,MKT-001,58,52,47,43,40,40,40
2026-05-04,MKT-002,16,12,10,8,6,20,15
2026-05-04,MKT-003,18,13,10,8,8,25,24
2026-05-04,MKT-004,40,34,30,27,25,25,25
2026-05-04,MKT-005,18,13,10,8,8,15,15
2026-05-04,MKT-006,15,10,8,4,1,1,1
2026-05-04,MKT-007,18,13,10,8,4,2,2
2026-05-11,MKT-001,58,52,47,43,40,40,40
2026-05-11,MKT-002,16,12,10,8,6,20,15
2026-05-11,MKT-003,18,13,10,8,8,25,24
2026-05-11,MKT-004,40,34,30,27,25,25,25
2026-05-11,MKT-005,18,13,10,8,8,15,15
2026-05-11,MKT-006,15,10,8,4,1,1,1
2026-05-11,MKT-007,18,13,10,8,4,2,2
2026-05-18,MKT-001,58,52,47,43,40,40,40
2026-05-18,MKT-002,16,12,10,8,6,20,15
2026-05-18,MKT-003,18,13,10,8,8,25,24
2026-05-18,MKT-004,40,34,30,27,25,25,25
2026-05-18,MKT-005,18,13,10,8,8,15,15
2026-05-18,MKT-006,15,10,8,4,1,1,1
2026-05-18,MKT-007,18,13,10,8,4,2,2
2026-05-25,MKT-001,58,52,47,43,40,40,40
2026-05-25,MKT-002,16,12,10,8,6,20,15
2026-05-25,MKT-003,18,13,10,8,8,25,24
2026-05-25,MKT-004,40,34,30,27,25,25,25
2026-05-25,MKT-005,18,13,10,8,8,15,15
2026-05-25,MKT-006,15,10,8,4,1,1,1
2026-05-25,MKT-007,18,13,10,8,4,2,2
2026-06-01,MKT-001,68,62,57,53,50,50,45
2026-06-01,MKT-002,16,12,10,8,6,20,15
2026-06-01,MKT-003,18,13,10,8,8,25,24
2026-06-01,MKT-004,45,39,35,32,30,30,30
2026-06-01,MKT-005,18,13,10,8,8,15,15
2026-06-01,MKT-006,15,10,8,4,1,0,0
2026-06-01,MKT-007,18,13,10,8,4,2,2
2026-06-08,MKT-001,68,62,57,53,50,50,45
2026-06-08,MKT-002,16,12,10,8,6,20,15
2026-06-08,MKT-003,18,13,10,8,8,25,24
2026-06-08,MKT-004,45,39,35,32,30,30,30
2026-06-08,MKT-005,18,13,10,8,8,15,15
2026-06-08,MKT-006,15,10,8,4,1,0,0
2026-06-08,MKT-007,18,13,10,8,4,2,2
2026-06-15,MKT-001,68,62,57,53,50,50,45
2026-06-15,MKT-002,16,12,10,8,6,20,15
2026-06-15,MKT-003,18,13,10,8,8,25,24
2026-06-15,MKT-004,45,39,35,32,30,30,30
2026-06-15,MKT-005,18,13,10,8,8,15,15
2026-06-15,MKT-006,15,10,8,4,1,0,0
2026-06-15,MKT-007,18,13,10,8,4,2,2
2026-06-22,MKT-001,68,62,57,53,50,50,45
2026-06-22,MKT-002,16,12,10,8,6,20,15
2026-06-22,MKT-003,18,13,10,8,8,25,24
2026-06-22,MKT-004,45,39,35,32,30,30,30
2026-06-22,MKT-005,18,13,10,8,8,15,15
2026-06-22,MKT-006,15,10,8,4,1,0,0
2026-06-22,MKT-007,18,13,10,8,4,2,2
2026-06-29,MKT-001,74,68,63,59,56,56,45
2026-06-29,MKT-002,16,12,10,8,6,20,15
2026-06-29,MKT-003,18,13,10,8,8,25,24
2026-06-29,MKT-004,45,39,35,32,30,30,30
2026-06-29,MKT-005,18,13,10,8,8,15,15
2026-06-29,MKT-006,15,10,8,4,1,0,0
2026-06-29,MKT-007,18,13,10,8,4,2,2
2026-07-06,MKT-001,78,72,67,63,60,60,45
2026-07-06,MKT-002,16,12,10,8,6,20,15
2026-07-06,MKT-003,18,13,10,8,8,25,24
2026-07-06,MKT-004,45,39,35,32,30,30,30
2026-07-06,MKT-005,18,13,10,8,8,20,20
2026-07-06,MKT-006,15,10,8,4,1,0,0
2026-07-06,MKT-007,18,13,10,8,4,2,2
2026-07-13,MKT-001,78,72,67,63,60,60,45
2026-07-13,MKT-002,16,12,10,8,6,20,15
2026-07-13,MKT-003,18,13,10,8,8,25,24
2026-07-13,MKT-004,45,39,35,32,30,30,30
2026-07-13,MKT-005,18,13,10,8,8,20,20
2026-07-13,MKT-006,15,10,8,4,1,0,0
2026-07-13,MKT-007,18,13,10,8,4,2,2
2026-07-20,MKT-001,78,72,67,63,60,60,45
2026-07-20,MKT-002,16,12,10,8,6,20,15
2026-07-20,MKT-003,18,13,10,8,8,25,24
2026-07-20,MKT-004,45,39,35,32,30,30,30
2026-07-20,MKT-005,18,13,10,8,8,20,20
2026-07-20,MKT-006,15,10,8,4,1,0,0
2026-07-20,MKT-007,18,13,10,8,4,2,2
2026-07-27,MKT-001,78,72,67,63,60,60,45
2026-07-27,MKT-002,16,12,10,8,6,20,15
2026-07-27,MKT-003,18,13,10,8,8,25,24
2026-07-27,MKT-004,45,39,35,32,30,30,30
2026-07-27,MKT-005,18,13,10,8,8,20,20
2026-07-27,MKT-006,15,10,8,4,1,0,0
2026-07-27,MKT-007,18,13,10,8,4,2,2
2026-08-03,MKT-001,88,82,77,73,70,70,45
2026-08-03,MKT-002,16,12,10,8,6,20,15
2026-08-03,MKT-003,18,13,10,8,8,25,24
2026-08-03,MKT-004,50,44,40,37,35,35,35
2026-08-03,MKT-005,18,13,10,8,8,20,20
2026-08-03,MKT-006,15,10,8,4,1,0,0
2026-08-03,MKT-007,2,1,0,0,0,0,0
2026-08-10,MKT-001,88,82,77,73,70,70,45
2026-08-10,MKT-002,16,12,10,8,6,20,15
2026-08-10,MKT-003,18,13,10,8,8,25,24
2026-08-10,MKT-004,50,44,40,37,35,35,35
2026-08-10,MKT-005,18,13,10,8,8,20,20
2026-08-10,MKT-006,15,10,8,4,1,0,0
2026-08-10,MKT-007,2,1,0,0,0,0,0
2026-08-17,MKT-001,88,82,77,73,70,70,45
2026-08-17,MKT-002,16,12,10,8,6,20,15
2026-08-17,MKT-003,18,13,10,8,8,25,24
2026-08-17,MKT-004,50,44,40,37,35,35,35
2026-08-17,MKT-005,18,13,10,8,8,20,20
2026-08-17,MKT-006,15,10,8,4,1,0,0
2026-08-17,MKT-007,2,1,0,0,0,0,0
2026-08-24,MKT-001,88,82,77,73,70,70,45
2026-08-24,MKT-002,16,12,10,8,6,20,3
2026-08-24,MKT-003,18,13,10,8,8,25,24
2026-08-24,MKT-004,50,44,40,37,35,35,35
2026-08-24,MKT-005,18,13,10,8,8,20,20
2026-08-24,MKT-006,15,10,8,4,1,0,0
2026-08-24,MKT-007,2,1,0,0,0,0,0
2026-08-31,MKT-001,96,90,85,81,78,78,45
2026-08-31,MKT-002,16,12,10,8,6,20,3
2026-08-31,MKT-003,18,13,10,8,8,25,24
2026-08-31,MKT-004,50,44,40,37,35,35,35
2026-08-31,MKT-005,18,13,10,8,8,20,20
2026-08-31,MKT-006,15,10,8,4,1,0,0
2026-08-31,MKT-007,2,1,0,0,0,0,0
2026-09-07,MKT-001,98,92,87,83,80,80,45
2026-09-07,MKT-002,16,12,10,8,6,20,3
2026-09-07,MKT-003,18,13,10,8,8,25,24
2026-09-07,MKT-004,50,44,40,37,35,35,35
2026-09-07,MKT-005,18,13,10,8,8,20,20
2026-09-07,MKT-006,15,10,8,4,1,0,0
2026-09-07,MKT-007,2,1,0,0,0,0,0
2026-09-14,MKT-001,98,92,87,83,80,80,45
2026-09-14,MKT-002,16,12,10,8,6,20,3
2026-09-14,MKT-003,18,13,10,8,8,25,24
2026-09-14,MKT-004,50,44,40,37,35,35,30
2026-09-14,MKT-005,18,13,10,8,8,20,20
2026-09-14,MKT-006,15,10,8,4,1,0,0
2026-09-14,MKT-007,2,1,0,0,0,0,0
2026-09-21,MKT-001,102,96,91,87,84,84,45
2026-09-21,MKT-002,16,12,10,8,6,20,3
2026-09-21,MKT-003,18,13,10,8,8,25,24
2026-09-21,MKT-004,50,44,40,37,35,35,35
2026-09-21,MKT-005,18,13,10,8,8,20,20
2026-09-21,MKT-006,15,10,8,4,1,0,0
2026-09-21,MKT-007,2,1,0,0,0,0,0
