document_id,document_type,title,document_date,author_role,market_id,related_risk_id,related_initiative_id,related_incident_id,summary
DOC-001,Launch Plan,San Marcos launch plan,2026-08-18,COO,MKT-006,RSK-04,INIT-04,,"The San Marcos launch plan says WMS location configuration at W003 is unfinished. The launch roster is 5 technicians with 3 certified, about 60 percent, and that roster is not the same count as the Buda rows in technicians.csv. Inventory for the launch is incomplete, including a zero balance on P003 at W003. No first-wave installation completions are in the September deployment file."
DOC-002,Engineering Review,Firmware 4.3.0 review,2026-09-16,VP Engineering,,RSK-03,INIT-05,INC-002,Engineering review of the 2026-09-15 firmware 4.3.0 window. INC-002 affected 5 devices and is the heartbeat regression. Firmware-related incidents were 7 in the week starting 2026-09-14 and 3 the following week. devices.csv still shows 2 devices on 4.3.0.
DOC-003,Risk Review,Open high and critical risks,2026-09-24,CEO,,RSK-01,,,"Risk review of the open book. RSK-01 and RSK-02 are open Critical items on North Austin installations and P006 weeks of supply. Open High items include INC-002, the San Marcos launch, HW-C failure rate, Austin Metro utilization, and North Austin CSAT. Not every risk is Critical, and several items are mitigating, monitoring, or closed."
DOC-004,Market Review,North Austin installation slowdown,2026-09-22,VP Operations,MKT-002,RSK-01,INIT-02,,"North Austin completed 11 installations in 2026-09 versus 69 in 2026-07. Rework rate moved from 0.072 to 0.636. The same weeks show a two-person crew, open positions, and a P006 stockout at W001. Those facts co-occur; this memo does not decide which constraint was primary."
DOC-005,Operations Review,W001 P006 replenishment,2026-09-18,VP Operations,MKT-001,RSK-02,INIT-03,,"Operations review of P006 at W001. quantity_available is 0 and weeks_of_supply is 0.0 at a planning consumption of 4 per week. The open Waiting for Parts jobs J001 and J007 belong to W002 markets, so they are not the W001 balance. P018 low weeks of supply at W002 is a separate line."
DOC-006,Weekly Business Review,Week of 2026-09-21 business review,2026-09-25,CEO,,,,,"Company installations were 127 in the week of 2026-09-21 and 122 in the week of 2026-09-14. CSAT, incidents, stockouts, and utilization also moved. The install increase is the absence of the 2026-09-16 short day in Cedar Park, not a recovery in North Austin."
DOC-007,Product Review,HW-C reliability,2026-09-18,VP Engineering,,RSK-05,INIT-06,INC-005,"Product review of hardware revision HW-C. Battery HW-C failure_rate in 2026-09 is 0.4286 on an installed base of 7, versus 0.0333 for Battery HW-B. INC-005 and the degraded HW-C battery ids are the engineering link. Small bases make some HW-C rates noisy."
DOC-008,Executive Decision Memo,Where to put the next crew week,2026-09-26,CEO,MKT-004,RSK-01,INIT-07,,"Decision memo comparing Cedar Park operating metrics with North Austin and Austin Metro. Cedar Park shows high completions, high first-time completion, no stockout days, and overtime at zero. North Austin completions are down. Austin Metro scheduled demand is above certified capacity. The memo does not rank markets with a score column."
DOC-009,Operating Plan,September operating plan gap,2026-09-02,COO,,RSK-06,INIT-08,,"The September operating plan assumed Austin Metro could keep up with a higher scheduled book. Certified headcount stayed flat, utilization moved above 100, and completed installs hit the daily cap. San Marcos remains in the plan as a launch that has not started completions."
DOC-010,Strategy,Central Texas footprint,2026-04-06,CEO,,,INIT-07,,"Strategy note for the seven-market footprint. Austin Metro, North Austin, Round Rock, Cedar Park, Georgetown, San Marcos, and Pflugerville share three warehouses. The note is a planning frame. It is not a forecast of every metric rising."
DOC-011,Engineering Review,INC-005 HW-C cell imbalance,2026-09-17,VP Engineering,,RSK-05,INIT-06,INC-005,"INC-005 covers HW-C cell imbalance tied to busbar torque, with three affected devices in the engineering incident row. Degraded HW-C batteries in the device file are listed on the September Battery HW-C reliability row. Firmware 4.3.0 is a different incident, INC-002."
DOC-012,Market Review,Georgetown after the July initiative,2026-09-10,VP Operations,MKT-005,RSK-18,INIT-01,,Georgetown average cycle time was 15.0 days in 2026-06 and 8.0 days in 2026-09. First-time completion rose and rework fell. INIT-01 started 2026-07-06. Technician count did not change between those months.
DOC-013,Market Review,Market Review: San Marcos,2026-04-02,VP Engineering,MKT-006,,,,Market Review 013 dated 2026-04-02 is a synthetic Lumenfield note about San Marcos (MKT-006) and warehouse W003. It records a discussion item for the executive pack and does not change the metric tables. A coincidence of two bad metrics is not a root-cause finding.
DOC-014,Weekly Business Review,Weekly Business Review: Pflugerville,2026-04-06,VP Customer,MKT-007,,,,Weekly Business Review 014 dated 2026-04-06 is a synthetic Lumenfield note about Pflugerville (MKT-007) and warehouse W002. It records a discussion item for the executive pack and does not change the metric tables. This note is synthetic planning context for the executive pack.
DOC-015,Product Review,Product Review: Austin Metro,2026-04-10,CEO,MKT-001,,,,Product Review 015 dated 2026-04-10 is a synthetic Lumenfield note about Austin Metro (MKT-001) and warehouse W001. It records a discussion item for the executive pack and does not change the metric tables. A coincidence of two bad metrics is not a root-cause finding.
DOC-016,Engineering Review,Engineering Review: North Austin,2026-04-14,COO,MKT-002,,,,Engineering Review 016 dated 2026-04-14 is a synthetic Lumenfield note about North Austin (MKT-002) and warehouse W001. It records a discussion item for the executive pack and does not change the metric tables. Scenario ids in related files are pointers into the metric tables.
DOC-017,Operations Review,Operations Review: Round Rock,2026-04-18,VP Operations,MKT-003,,,,Operations Review 017 dated 2026-04-18 is a synthetic Lumenfield note about Round Rock (MKT-003) and warehouse W002. It records a discussion item for the executive pack and does not change the metric tables. This note is synthetic planning context for the executive pack.
DOC-018,Risk Review,Risk Review: Cedar Park,2026-04-22,VP Engineering,MKT-004,,,,Risk Review 018 dated 2026-04-22 is a synthetic Lumenfield note about Cedar Park (MKT-004) and warehouse W002. It records a discussion item for the executive pack and does not change the metric tables. This note is synthetic planning context for the executive pack.
DOC-019,Launch Plan,Launch Plan: Georgetown,2026-04-26,VP Customer,MKT-005,,,,Launch Plan 019 dated 2026-04-26 is a synthetic Lumenfield note about Georgetown (MKT-005) and warehouse W003. It records a discussion item for the executive pack and does not change the metric tables. Scenario ids in related files are pointers into the metric tables.
DOC-020,Executive Decision Memo,Executive Decision Memo: San Marcos,2026-04-30,CEO,MKT-006,,,,Executive Decision Memo 020 dated 2026-04-30 is a synthetic Lumenfield note about San Marcos (MKT-006) and warehouse W003. It records a discussion item for the executive pack and does not change the metric tables. Use the metric tables for the figures rather than this summary.
DOC-021,Strategy,Strategy: Pflugerville,2026-05-04,COO,MKT-007,,,,Strategy 021 dated 2026-05-04 is a synthetic Lumenfield note about Pflugerville (MKT-007) and warehouse W002. It records a discussion item for the executive pack and does not change the metric tables. This note is synthetic planning context for the executive pack.
DOC-022,Operating Plan,Operating Plan: Austin Metro,2026-05-08,VP Operations,MKT-001,,,,Operating Plan 022 dated 2026-05-08 is a synthetic Lumenfield note about Austin Metro (MKT-001) and warehouse W001. It records a discussion item for the executive pack and does not change the metric tables. Use the metric tables for the figures rather than this summary.
DOC-023,Market Review,Market Review: North Austin,2026-05-12,VP Engineering,MKT-002,,,,Market Review 023 dated 2026-05-12 is a synthetic Lumenfield note about North Austin (MKT-002) and warehouse W001. It records a discussion item for the executive pack and does not change the metric tables. A coincidence of two bad metrics is not a root-cause finding.
DOC-024,Weekly Business Review,Weekly Business Review: Round Rock,2026-05-16,VP Customer,MKT-003,,,,Weekly Business Review 024 dated 2026-05-16 is a synthetic Lumenfield note about Round Rock (MKT-003) and warehouse W002. It records a discussion item for the executive pack and does not change the metric tables. Use the metric tables for the figures rather than this summary.
DOC-025,Product Review,Product Review: Cedar Park,2026-05-20,CEO,MKT-004,,,,Product Review 025 dated 2026-05-20 is a synthetic Lumenfield note about Cedar Park (MKT-004) and warehouse W002. It records a discussion item for the executive pack and does not change the metric tables. This note is synthetic planning context for the executive pack.
DOC-026,Engineering Review,Engineering Review: Georgetown,2026-05-24,COO,MKT-005,,,,Engineering Review 026 dated 2026-05-24 is a synthetic Lumenfield note about Georgetown (MKT-005) and warehouse W003. It records a discussion item for the executive pack and does not change the metric tables. A coincidence of two bad metrics is not a root-cause finding.
DOC-027,Operations Review,Operations Review: San Marcos,2026-05-28,VP Operations,MKT-006,,,,Operations Review 027 dated 2026-05-28 is a synthetic Lumenfield note about San Marcos (MKT-006) and warehouse W003. It records a discussion item for the executive pack and does not change the metric tables. Scenario ids in related files are pointers into the metric tables.
DOC-028,Risk Review,Risk Review: Pflugerville,2026-06-01,VP Engineering,MKT-007,,,,Risk Review 028 dated 2026-06-01 is a synthetic Lumenfield note about Pflugerville (MKT-007) and warehouse W002. It records a discussion item for the executive pack and does not change the metric tables. Scenario ids in related files are pointers into the metric tables.
DOC-029,Launch Plan,Launch Plan: Austin Metro,2026-06-05,VP Customer,MKT-001,,,,Launch Plan 029 dated 2026-06-05 is a synthetic Lumenfield note about Austin Metro (MKT-001) and warehouse W001. It records a discussion item for the executive pack and does not change the metric tables. Use the metric tables for the figures rather than this summary.
DOC-030,Executive Decision Memo,Executive Decision Memo: North Austin,2026-06-09,CEO,MKT-002,,,,Executive Decision Memo 030 dated 2026-06-09 is a synthetic Lumenfield note about North Austin (MKT-002) and warehouse W001. It records a discussion item for the executive pack and does not change the metric tables. This note is synthetic planning context for the executive pack.
DOC-031,Strategy,Strategy: Round Rock,2026-06-13,COO,MKT-003,,,,Strategy 031 dated 2026-06-13 is a synthetic Lumenfield note about Round Rock (MKT-003) and warehouse W002. It records a discussion item for the executive pack and does not change the metric tables. Use the metric tables for the figures rather than this summary.
DOC-032,Operating Plan,Operating Plan: Cedar Park,2026-06-17,VP Operations,MKT-004,,,,Operating Plan 032 dated 2026-06-17 is a synthetic Lumenfield note about Cedar Park (MKT-004) and warehouse W002. It records a discussion item for the executive pack and does not change the metric tables. A coincidence of two bad metrics is not a root-cause finding.
DOC-033,Market Review,Market Review: Georgetown,2026-06-21,VP Engineering,MKT-005,,,,Market Review 033 dated 2026-06-21 is a synthetic Lumenfield note about Georgetown (MKT-005) and warehouse W003. It records a discussion item for the executive pack and does not change the metric tables. Use the metric tables for the figures rather than this summary.
DOC-034,Weekly Business Review,Weekly Business Review: San Marcos,2026-06-25,VP Customer,MKT-006,,,,Weekly Business Review 034 dated 2026-06-25 is a synthetic Lumenfield note about San Marcos (MKT-006) and warehouse W003. It records a discussion item for the executive pack and does not change the metric tables. Scenario ids in related files are pointers into the metric tables.
DOC-035,Product Review,Product Review: Pflugerville,2026-06-29,CEO,MKT-007,,,,Product Review 035 dated 2026-06-29 is a synthetic Lumenfield note about Pflugerville (MKT-007) and warehouse W002. It records a discussion item for the executive pack and does not change the metric tables. This note is synthetic planning context for the executive pack.
DOC-036,Engineering Review,Engineering Review: Austin Metro,2026-07-03,COO,MKT-001,,,,Engineering Review 036 dated 2026-07-03 is a synthetic Lumenfield note about Austin Metro (MKT-001) and warehouse W001. It records a discussion item for the executive pack and does not change the metric tables. This note is synthetic planning context for the executive pack.
DOC-037,Operations Review,Operations Review: North Austin,2026-07-07,VP Operations,MKT-002,,,,Operations Review 037 dated 2026-07-07 is a synthetic Lumenfield note about North Austin (MKT-002) and warehouse W001. It records a discussion item for the executive pack and does not change the metric tables. Use the metric tables for the figures rather than this summary.
DOC-038,Risk Review,Risk Review: Round Rock,2026-07-11,VP Engineering,MKT-003,,,,Risk Review 038 dated 2026-07-11 is a synthetic Lumenfield note about Round Rock (MKT-003) and warehouse W002. It records a discussion item for the executive pack and does not change the metric tables. This note is synthetic planning context for the executive pack.
DOC-039,Launch Plan,Launch Plan: Cedar Park,2026-07-15,VP Customer,MKT-004,,,,Launch Plan 039 dated 2026-07-15 is a synthetic Lumenfield note about Cedar Park (MKT-004) and warehouse W002. It records a discussion item for the executive pack and does not change the metric tables. A coincidence of two bad metrics is not a root-cause finding.
DOC-040,Executive Decision Memo,Executive Decision Memo: Georgetown,2026-07-19,CEO,MKT-005,,,,Executive Decision Memo 040 dated 2026-07-19 is a synthetic Lumenfield note about Georgetown (MKT-005) and warehouse W003. It records a discussion item for the executive pack and does not change the metric tables. Use the metric tables for the figures rather than this summary.
DOC-041,Strategy,Strategy: San Marcos,2026-07-23,COO,MKT-006,,,,Strategy 041 dated 2026-07-23 is a synthetic Lumenfield note about San Marcos (MKT-006) and warehouse W003. It records a discussion item for the executive pack and does not change the metric tables. A coincidence of two bad metrics is not a root-cause finding.
DOC-042,Operating Plan,Operating Plan: Pflugerville,2026-07-27,VP Operations,MKT-007,,,,Operating Plan 042 dated 2026-07-27 is a synthetic Lumenfield note about Pflugerville (MKT-007) and warehouse W002. It records a discussion item for the executive pack and does not change the metric tables. Use the metric tables for the figures rather than this summary.
DOC-043,Market Review,Market Review: Austin Metro,2026-07-31,VP Engineering,MKT-001,,,,Market Review 043 dated 2026-07-31 is a synthetic Lumenfield note about Austin Metro (MKT-001) and warehouse W001. It records a discussion item for the executive pack and does not change the metric tables. This note is synthetic planning context for the executive pack.
DOC-044,Weekly Business Review,Weekly Business Review: North Austin,2026-08-04,VP Customer,MKT-002,,,,Weekly Business Review 044 dated 2026-08-04 is a synthetic Lumenfield note about North Austin (MKT-002) and warehouse W001. It records a discussion item for the executive pack and does not change the metric tables. Scenario ids in related files are pointers into the metric tables.
DOC-045,Product Review,Product Review: Round Rock,2026-08-08,CEO,MKT-003,,,,Product Review 045 dated 2026-08-08 is a synthetic Lumenfield note about Round Rock (MKT-003) and warehouse W002. It records a discussion item for the executive pack and does not change the metric tables. This note is synthetic planning context for the executive pack.
DOC-046,Engineering Review,Engineering Review: Cedar Park,2026-08-12,COO,MKT-004,,,,Engineering Review 046 dated 2026-08-12 is a synthetic Lumenfield note about Cedar Park (MKT-004) and warehouse W002. It records a discussion item for the executive pack and does not change the metric tables. Use the metric tables for the figures rather than this summary.
DOC-047,Operations Review,Operations Review: Georgetown,2026-08-16,VP Operations,MKT-005,,,,Operations Review 047 dated 2026-08-16 is a synthetic Lumenfield note about Georgetown (MKT-005) and warehouse W003. It records a discussion item for the executive pack and does not change the metric tables. A coincidence of two bad metrics is not a root-cause finding.
DOC-048,Risk Review,Risk Review: San Marcos,2026-08-20,VP Engineering,MKT-006,,,,Risk Review 048 dated 2026-08-20 is a synthetic Lumenfield note about San Marcos (MKT-006) and warehouse W003. It records a discussion item for the executive pack and does not change the metric tables. Scenario ids in related files are pointers into the metric tables.
DOC-049,Launch Plan,Launch Plan: Pflugerville,2026-08-24,VP Customer,MKT-007,,,,Launch Plan 049 dated 2026-08-24 is a synthetic Lumenfield note about Pflugerville (MKT-007) and warehouse W002. It records a discussion item for the executive pack and does not change the metric tables. Scenario ids in related files are pointers into the metric tables.
DOC-050,Executive Decision Memo,Executive Decision Memo: Austin Metro,2026-08-28,CEO,MKT-001,,,,Executive Decision Memo 050 dated 2026-08-28 is a synthetic Lumenfield note about Austin Metro (MKT-001) and warehouse W001. It records a discussion item for the executive pack and does not change the metric tables. This note is synthetic planning context for the executive pack.
