week_start,installations_completed,installations_target,installation_attainment_percentage,average_csat,critical_incidents,stockout_events,workforce_utilization_percentage,firmware_related_incidents,major_risks,executive_attention_items
2026-06-08,131,142,92.3,79.1,0,0,59.4,0,SCN-07 MKT-001 demand versus certified crew,SCN-02 Cedar Park volume watch; SCN-03 San Marcos launch still blocked
2026-06-15,131,142,92.3,79.1,0,0,59.4,0,SCN-07 MKT-001 demand versus certified crew,SCN-02 Cedar Park volume watch; SCN-03 San Marcos launch still blocked
2026-06-22,131,142,92.3,79.1,0,0,59.4,0,SCN-07 MKT-001 demand versus certified crew,SCN-02 Cedar Park volume watch; SCN-03 San Marcos launch still blocked
2026-06-29,131,148,88.5,79.1,0,0,60.9,0,SCN-07 MKT-001 demand versus certified crew,SCN-02 Cedar Park volume watch; SCN-03 San Marcos launch still blocked
2026-07-06,136,167,81.4,80.7,0,1,63.9,0,SCN-07 MKT-001 demand versus certified crew,SCN-09 Georgetown INIT-01; SCN-02 Cedar Park volume watch; SCN-03 San Marcos launch still blocked
2026-07-13,136,167,81.4,80.7,0,1,63.9,0,SCN-07 MKT-001 demand versus certified crew,SCN-09 Georgetown INIT-01; SCN-02 Cedar Park volume watch; SCN-03 San Marcos launch still blocked
2026-07-20,136,167,81.4,80.7,0,1,63.9,0,SCN-07 MKT-001 demand versus certified crew,SCN-09 Georgetown INIT-01; SCN-02 Cedar Park volume watch; SCN-03 San Marcos launch still blocked
2026-07-27,136,167,81.4,80.7,0,1,63.9,0,SCN-07 MKT-001 demand versus certified crew,SCN-09 Georgetown INIT-01; SCN-02 Cedar Park volume watch; SCN-03 San Marcos launch still blocked
2026-08-03,139,180,77.2,80.7,0,1,65.9,0,SCN-07 MKT-001 demand versus certified crew,SCN-09 Georgetown INIT-01; SCN-02 Cedar Park volume watch; SCN-03 San Marcos launch still blocked
2026-08-10,139,180,77.2,80.7,0,1,65.9,0,SCN-07 MKT-001 demand versus certified crew,SCN-09 Georgetown INIT-01; SCN-02 Cedar Park volume watch; SCN-03 San Marcos launch still blocked
2026-08-17,139,180,77.2,80.7,0,1,65.9,0,SCN-07 MKT-001 demand versus certified crew,SCN-09 Georgetown INIT-01; SCN-02 Cedar Park volume watch; SCN-03 San Marcos launch still blocked
2026-08-24,127,180,70.6,79.6,1,6,65.9,0,SCN-01 MKT-002 installation slowdown; SCN-04 P006 weeks_of_supply at W001; SCN-07 MKT-001 demand versus certified crew,SCN-06 CSAT decline in North Austin; SCN-09 Georgetown INIT-01; SCN-02 Cedar Park volume watch; SCN-03 San Marcos launch still blocked
2026-08-31,127,188,67.6,78.9,1,6,67.7,1,SCN-01 MKT-002 installation slowdown; SCN-04 P006 weeks_of_supply at W001; SCN-07 MKT-001 demand versus certified crew,SCN-06 CSAT decline in North Austin; SCN-09 Georgetown INIT-01; SCN-02 Cedar Park volume watch; SCN-03 San Marcos launch still blocked
2026-09-07,127,190,66.8,77.7,1,6,68.1,0,SCN-01 MKT-002 installation slowdown; SCN-04 P006 weeks_of_supply at W001; SCN-07 MKT-001 demand versus certified crew,SCN-06 CSAT decline in North Austin; SCN-09 Georgetown INIT-01; SCN-02 Cedar Park volume watch; SCN-03 San Marcos launch still blocked
2026-09-14,122,190,64.2,77.1,2,11,68.1,7,SCN-01 MKT-002 installation slowdown; SCN-04 P006 weeks_of_supply at W001; SCN-05 INC-002 firmware 4.3.0; SCN-07 MKT-001 demand versus certified crew,SCN-06 CSAT decline in North Austin; SCN-09 Georgetown INIT-01; SCN-02 Cedar Park volume watch; SCN-03 San Marcos launch still blocked
2026-09-21,127,194,65.5,76.6,1,6,69.0,3,SCN-01 MKT-002 installation slowdown; SCN-04 P006 weeks_of_supply at W001; SCN-05 INC-002 firmware 4.3.0; SCN-07 MKT-001 demand versus certified crew,SCN-06 CSAT decline in North Austin; SCN-09 Georgetown INIT-01; SCN-02 Cedar Park volume watch; SCN-03 San Marcos launch still blocked; SCN-11 versus week of 2026-09-14: company installs rose because 2026-09-16 was a short Cedar Park day; MKT-002 did not recover
