week_start,market_id,technician_count,certified_technician_count,open_positions,scheduled_installations,installations_completed,utilization_percentage,overtime_hours
2026-03-30,MKT-001,8,8,3,18,18,28,0
2026-03-30,MKT-002,2,2,4,12,9,75,0
2026-03-30,MKT-003,6,6,0,15,14,31,0
2026-03-30,MKT-004,6,6,1,15,15,31,0
2026-03-30,MKT-005,4,4,0,9,9,28,0
2026-03-30,MKT-006,5,3,2,1,1,40,0
2026-03-30,MKT-007,2,2,0,1,1,6,0
2026-04-06,MKT-001,8,8,3,30,30,47,0
2026-04-06,MKT-002,2,2,4,20,15,125,8
2026-04-06,MKT-003,6,6,0,25,24,52,0
2026-04-06,MKT-004,6,6,1,25,25,52,0
2026-04-06,MKT-005,4,4,0,15,15,47,0
2026-04-06,MKT-006,5,3,2,1,1,40,0
2026-04-06,MKT-007,2,2,0,2,2,12,0
2026-04-13,MKT-001,8,8,3,30,30,47,0
2026-04-13,MKT-002,2,2,4,20,15,125,8
2026-04-13,MKT-003,6,6,0,25,24,52,0
2026-04-13,MKT-004,6,6,1,25,25,52,0
2026-04-13,MKT-005,4,4,0,15,15,47,0
2026-04-13,MKT-006,5,3,2,1,1,40,0
2026-04-13,MKT-007,2,2,0,2,2,12,0
2026-04-20,MKT-001,8,8,3,30,30,47,0
2026-04-20,MKT-002,2,2,4,20,15,125,8
2026-04-20,MKT-003,6,6,0,25,24,52,0
2026-04-20,MKT-004,6,6,1,25,25,52,0
2026-04-20,MKT-005,4,4,0,15,15,47,0
2026-04-20,MKT-006,5,3,2,1,1,40,0
2026-04-20,MKT-007,2,2,0,2,2,12,0
2026-04-27,MKT-001,8,8,3,32,32,50,0
2026-04-27,MKT-002,2,2,4,20,15,125,8
2026-04-27,MKT-003,6,6,0,25,24,52,0
2026-04-27,MKT-004,6,6,1,25,25,52,0
2026-04-27,MKT-005,4,4,0,15,15,47,0
2026-04-27,MKT-006,5,3,2,1,1,40,0
2026-04-27,MKT-007,2,2,0,2,2,12,0
2026-05-04,MKT-001,8,8,3,40,40,62,0
2026-05-04,MKT-002,2,2,4,20,15,125,8
2026-05-04,MKT-003,6,6,0,25,24,52,0
2026-05-04,MKT-004,6,6,1,25,25,52,0
2026-05-04,MKT-005,4,4,0,15,15,47,0
2026-05-04,MKT-006,5,3,2,1,1,40,0
2026-05-04,MKT-007,2,2,0,2,2,12,0
2026-05-11,MKT-001,8,8,3,40,40,62,0
2026-05-11,MKT-002,2,2,4,20,15,125,8
2026-05-11,MKT-003,6,6,0,25,24,52,0
2026-05-11,MKT-004,6,6,1,25,25,52,0
2026-05-11,MKT-005,4,4,0,15,15,47,0
2026-05-11,MKT-006,5,3,2,1,1,40,0
2026-05-11,MKT-007,2,2,0,2,2,12,0
2026-05-18,MKT-001,8,8,3,40,40,62,0
2026-05-18,MKT-002,2,2,4,20,15,125,8
2026-05-18,MKT-003,6,6,0,25,24,52,0
2026-05-18,MKT-004,6,6,1,25,25,52,0
2026-05-18,MKT-005,4,4,0,15,15,47,0
2026-05-18,MKT-006,5,3,2,1,1,40,0
2026-05-18,MKT-007,2,2,0,2,2,12,0
2026-05-25,MKT-001,8,8,3,40,40,62,0
2026-05-25,MKT-002,2,2,4,20,15,125,8
2026-05-25,MKT-003,6,6,0,25,24,52,0
2026-05-25,MKT-004,6,6,1,25,25,52,0
2026-05-25,MKT-005,4,4,0,15,15,47,0
2026-05-25,MKT-006,5,3,2,1,1,40,0
2026-05-25,MKT-007,2,2,0,2,2,12,0
2026-06-01,MKT-001,8,8,3,50,45,78,0
2026-06-01,MKT-002,2,2,4,20,15,125,8
2026-06-01,MKT-003,6,6,0,25,24,52,0
2026-06-01,MKT-004,6,6,1,30,30,62,0
2026-06-01,MKT-005,4,4,0,15,15,47,0
2026-06-01,MKT-006,5,3,2,0,0,40,0
2026-06-01,MKT-007,2,2,0,2,2,12,0
2026-06-08,MKT-001,8,8,3,50,45,78,0
2026-06-08,MKT-002,2,2,4,20,15,125,8
2026-06-08,MKT-003,6,6,0,25,24,52,0
2026-06-08,MKT-004,6,6,1,30,30,62,0
2026-06-08,MKT-005,4,4,0,15,15,47,0
2026-06-08,MKT-006,5,3,2,0,0,40,0
2026-06-08,MKT-007,2,2,0,2,2,12,0
2026-06-15,MKT-001,8,8,3,50,45,78,0
2026-06-15,MKT-002,2,2,4,20,15,125,8
2026-06-15,MKT-003,6,6,0,25,24,52,0
2026-06-15,MKT-004,6,6,1,30,30,62,0
2026-06-15,MKT-005,4,4,0,15,15,47,0
2026-06-15,MKT-006,5,3,2,0,0,40,0
2026-06-15,MKT-007,2,2,0,2,2,12,0
2026-06-22,MKT-001,8,8,3,50,45,78,0
2026-06-22,MKT-002,2,2,4,20,15,125,8
2026-06-22,MKT-003,6,6,0,25,24,52,0
2026-06-22,MKT-004,6,6,1,30,30,62,0
2026-06-22,MKT-005,4,4,0,15,15,47,0
2026-06-22,MKT-006,5,3,2,0,0,40,0
2026-06-22,MKT-007,2,2,0,2,2,12,0
2026-06-29,MKT-001,8,8,3,56,45,88,0
2026-06-29,MKT-002,2,2,4,20,15,125,8
2026-06-29,MKT-003,6,6,0,25,24,52,0
2026-06-29,MKT-004,6,6,1,30,30,62,0
2026-06-29,MKT-005,4,4,0,15,15,47,0
2026-06-29,MKT-006,5,3,2,0,0,40,0
2026-06-29,MKT-007,2,2,0,2,2,12,0
2026-07-06,MKT-001,8,8,3,60,45,94,0
2026-07-06,MKT-002,2,2,4,20,15,125,8
2026-07-06,MKT-003,6,6,0,25,24,52,0
2026-07-06,MKT-004,6,6,1,30,30,62,0
2026-07-06,MKT-005,4,4,0,20,20,62,0
2026-07-06,MKT-006,5,3,2,0,0,40,0
2026-07-06,MKT-007,2,2,0,2,2,12,0
2026-07-13,MKT-001,8,8,3,60,45,94,0
2026-07-13,MKT-002,2,2,4,20,15,125,8
2026-07-13,MKT-003,6,6,0,25,24,52,0
2026-07-13,MKT-004,6,6,1,30,30,62,0
2026-07-13,MKT-005,4,4,0,20,20,62,0
2026-07-13,MKT-006,5,3,2,0,0,40,0
2026-07-13,MKT-007,2,2,0,2,2,12,0
2026-07-20,MKT-001,8,8,3,60,45,94,0
2026-07-20,MKT-002,2,2,4,20,15,125,8
2026-07-20,MKT-003,6,6,0,25,24,52,0
2026-07-20,MKT-004,6,6,1,30,30,62,0
2026-07-20,MKT-005,4,4,0,20,20,62,0
2026-07-20,MKT-006,5,3,2,0,0,40,0
2026-07-20,MKT-007,2,2,0,2,2,12,0
2026-07-27,MKT-001,8,8,3,60,45,94,0
2026-07-27,MKT-002,2,2,4,20,15,125,8
2026-07-27,MKT-003,6,6,0,25,24,52,0
2026-07-27,MKT-004,6,6,1,30,30,62,0
2026-07-27,MKT-005,4,4,0,20,20,62,0
2026-07-27,MKT-006,5,3,2,0,0,40,0
2026-07-27,MKT-007,2,2,0,2,2,12,0
2026-08-03,MKT-001,8,8,3,70,45,109,12
2026-08-03,MKT-002,2,2,4,20,15,125,8
2026-08-03,MKT-003,6,6,0,25,24,52,0
2026-08-03,MKT-004,6,6,1,35,35,73,0
2026-08-03,MKT-005,4,4,0,20,20,62,0
2026-08-03,MKT-006,5,3,2,0,0,40,0
2026-08-03,MKT-007,2,2,0,0,0,0,0
2026-08-10,MKT-001,8,8,3,70,45,109,12
2026-08-10,MKT-002,2,2,4,20,15,125,8
2026-08-10,MKT-003,6,6,0,25,24,52,0
2026-08-10,MKT-004,6,6,1,35,35,73,0
2026-08-10,MKT-005,4,4,0,20,20,62,0
2026-08-10,MKT-006,5,3,2,0,0,40,0
2026-08-10,MKT-007,2,2,0,0,0,0,0
2026-08-17,MKT-001,8,8,3,70,45,109,12
2026-08-17,MKT-002,2,2,4,20,15,125,8
2026-08-17,MKT-003,6,6,0,25,24,52,0
2026-08-17,MKT-004,6,6,1,35,35,73,0
2026-08-17,MKT-005,4,4,0,20,20,62,0
2026-08-17,MKT-006,5,3,2,0,0,40,0
2026-08-17,MKT-007,2,2,0,0,0,0,0
2026-08-24,MKT-001,8,8,3,70,45,109,12
2026-08-24,MKT-002,2,2,4,20,3,125,8
2026-08-24,MKT-003,6,6,0,25,24,52,0
2026-08-24,MKT-004,6,6,1,35,35,73,0
2026-08-24,MKT-005,4,4,0,20,20,62,0
2026-08-24,MKT-006,5,3,2,0,0,40,0
2026-08-24,MKT-007,2,2,0,0,0,0,0
2026-08-31,MKT-001,8,8,3,78,45,122,28
2026-08-31,MKT-002,2,2,4,20,3,125,8
2026-08-31,MKT-003,6,6,0,25,24,52,0
2026-08-31,MKT-004,6,6,1,35,35,73,0
2026-08-31,MKT-005,4,4,0,20,20,62,0
2026-08-31,MKT-006,5,3,2,0,0,40,0
2026-08-31,MKT-007,2,2,0,0,0,0,0
2026-09-07,MKT-001,8,8,3,80,45,125,32
2026-09-07,MKT-002,2,2,4,20,3,125,8
2026-09-07,MKT-003,6,6,0,25,24,52,0
2026-09-07,MKT-004,6,6,1,35,35,73,0
2026-09-07,MKT-005,4,4,0,20,20,62,0
2026-09-07,MKT-006,5,3,2,0,0,40,0
2026-09-07,MKT-007,2,2,0,0,0,0,0
2026-09-14,MKT-001,8,8,3,80,45,125,32
2026-09-14,MKT-002,2,2,4,20,3,125,8
2026-09-14,MKT-003,6,6,0,25,24,52,0
2026-09-14,MKT-004,6,6,1,35,30,73,0
2026-09-14,MKT-005,4,4,0,20,20,62,0
2026-09-14,MKT-006,5,3,2,0,0,40,0
2026-09-14,MKT-007,2,2,0,0,0,0,0
2026-09-21,MKT-001,8,8,3,84,45,131,40
2026-09-21,MKT-002,2,2,4,20,3,125,8
2026-09-21,MKT-003,6,6,0,25,24,52,0
2026-09-21,MKT-004,6,6,1,35,35,73,0
2026-09-21,MKT-005,4,4,0,20,20,62,0
2026-09-21,MKT-006,5,3,2,0,0,40,0
2026-09-21,MKT-007,2,2,0,0,0,0,0
